site,genus,species,scrub.genus,scrub.species,sev.code,scrub_roundarnell,?,Liparis,Hammarbya,paludosa,na,1bertel,Abutilon,abutiloides,Abutilon,abutiloides,na,2washdc,Abutilon,theophrasti,Abutilon,theophrasti,na,2concord,Abutilon,theophrasti,Abutilon,theophrasti,na,2kochmer,Abutilon,theophrastii,Abutilon,theophrasti,na,2kochmer,Acalypha,ostryaefolia,Acalypha,ostryifolia,na,2kochmer,Acanthospermum,australe,Acanthospermum,australe,na,2fargo,Acidanthera,? ,Acidanthera,na,na,1fargo,Acnida,altissima,Amaranthus,tuberculatus,na,2concord,Acnida,altissima,Amaranthus,tuberculatus,na,2niwot,Acomastylis,rossii,Geum,rossii,na,2kochmer,Aconitum,reclinatum,Aconitum,reclinatum,na,2bertel,Acourtia,thurberi,Acourtia,thurberi,na,2bertel,Acourtia,wrightii,Acourtia,wrightii,na,2fargo,Actinella,acaulis,Tetraneuris,acaulis,na,2washdc,Adlumia,fungosa,Adlumia,fungosa,na,2kochmer,Adlumia,fungosa,Adlumia,fungosa,na,2concord,Adlumia,fungosa,Adlumia,fungosa,na,2kochmer,Aeschynomene,virginica,Aeschynomene,virginica,na,2soederm,Aesculus,hippocastanaceae,Aesculus,hippocastanum,na,1washdc,Aesculus,hybrida,Aesculus,hybrida,na,2washdc,Aesculus,octandra,Aesculus,flava,na,2kochmer,Agalinis,aphylla,Agalinis,aphylla,na,2konza,Agalinis,aspera,Agalinis,aspera,na,2kochmer,Agalinis,obtusifolia,Agalinis,obtusifolia,na,2kochmer,Agalinis,setacea,Agalinis,setacea,na,2kochmer,Agalinis,tenella,Agalinis,obtusifolia,na,2kochmer,Agalinis,virgata,Agalinis,fasciculata,na,2fargo,Agastache,anethiodora,Agastache,foeniculum,na,2bertel,Agave,chrysantha,Agave,chrysantha,na,2bertel,Ageratina,herbacea,Ageratina,herbacea,na,2kochmer,Agrimonia,gryposepala,Agrimonia,gryposepala,na,2concord,Agrimonia,grypsosepala,Agrimonia,gryposepala,na,1kochmer,Agrimonia,microcarpa,Agrimonia,microcarpa,na,2konza,Agrimonia,pubscens,Agrimonia,pubescens,na,1kochmer,Agrimonia,rostellata,Agrimonia,rostellata,na,2fargo,Agropyron,trachyeainlng,Agropyron,trachycaulus,na,1concord,Agrostema,githago,Agrostemma,githago,na,1arnell,Agrostis-spica,venti,Agrostis,spica-venti,na,1washdc,Aira,caryophyllaea,Aira,caryophyllea,na,2washdc,Alcea,rosea,Alcea,rosea,na,2soederm,Alchemilla,acutiloba,Alchemilla,acutiloba,na,2fargo,Alisma,subcordatum,Alisma,subcordatum,na,2concord,Alisma,subcordatum,Alisma,subcordatum,na,2concord,Alisma,triviale,Alisma,triviale,na,2washdc,Alliaria,officinalis,Alliaria,petiolata,na,2konza,Alliaria,officinalis,Alliaria,petiolata,na,2concord,Alliaria,officinalis,Alliaria,petiolata,na,2bertel,Allionia,incarnata,Allionia,incarnata,na,2fargo,Allionia,nyctaginea,Mirabilis,nyctaginea,na,2concord,Allium,canadensis,Allium,canadense,na,1kochmer,Allium,inodorum,Allium,neapolitanum,na,2washdc,Allium,mutabile,Allium,canadense,na,1arnell,Allium,ursinun,Allium,ursinum,na,1washdc,Alopecurus,geniculata,Alopecurus,bonariensis,na,1bertel,Aloysia,wrightii,Aloysia,wrightii,na,2concord,Althea,officinalis,Althaea,officinalis,na,1bertel,Amaranthus,x,Amaranthus,tucsonensis,na,1bertel,Amauriopsis,dissecta,Amauriopsis,dissecta,na,2fargo,Ambrosia,artemisia,Ambrosia,artemisifolia,na,1bertel,Ambrosia,confertiflora,Ambrosia,confertiflora,na,2kochmer,Ambrosia,integradiens,Ambrosia,intergradiens,na,1fargo,Ambrosia,psilostochys,Ambrosia,psilostachya,na,1washdc,Amelanchier,laevis,Amelanchier,laevis,na,2concord,Amelanchier,laevis,Amelanchier,laevis,na,2kochmer,Amelanchier,obovalis,Amelanchier,obovalis,na,2gothic,Amelanchier,pumila,Amelanchier,pumila,na,2gunnar,Amelanchier,sp.,Amelanchier,NA,na,1uwm,Amelanchier,sp.,Amelanchier,NA,na,1uwm,Amelanchier,sp.,Amelanchier,na,na,1kochmer,Amelanchier,spicata,Amelanchier,stolonifera,na,2concord,Amelanchier,stolonifera,Amelanchier,humilis,na,2kochmer,Amianthium,muscaetoxicum,Amianthium,muscaetoxicum,na,2fargo,Ammannia,coccinea,Ammannia,coccinea,na,2kochmer,Amorpha,glabra,Amorpha,glabra,na,2concord,Ampelopsis,brevipunculata,Ampelopsis,brevipedunculata ,na,1kochmer,Amsonia,ciliata,Amsonia,ciliata,na,2concord,Anagalis,arvensis,Anagallis,arvensis,na,1arnell,Anchusa,arvensis,Anchusa,arvensis,na,2fargo,Andropogon,furcatus,Andropogon,gerardii,na,2fargo,Androsace,occidentalis,Androsace,occidentalis,na,2bertel,Androsace,occidentalis,Androsace,occidentalis,na,2washdc,Anemone,canadensis,Anemone,canadensis,na,2fargo,Anemone,canadensis,Anemone,canadensis,na,2concord,Anemone,canadensis,Anemone,canadensis,na,2konza,Anemone,caroliniana,Anemone,caroliniana,na,2kochmer,Anemone,caroliniana,Anemone,caroliniana,na,2kochmer,Anemone,lancifolia,Anemone,lancifolia,na,2arnell,Anemone,ranunculoides,Anemone,ranunculoides,na,2kochmer,Anemone,virginana,Anemone ,virginiana,na,1washdc,Anemonella,thalictroides,Thalictrum,thalictroides,na,2concord,Anemonella,thallictroides,Anemonella,thalictroides,na,1kochmer,Angelica,triquinata,Angelica,triquinata,na,2washdc,Anisostichus,capreolata,Bignonia,capreolata,na,2kochmer,Anisostichus,capreolata,Bignonia,capreolata,na,2kochmer,Antennaria,ambigens,Antennaria,parlinii,na,2concord,Antennaria,fallax,Antennaria,parlinii,na,2washdc,Antennaria,solitaria,Antennaria,solitaria,na,2kochmer,Antennaria,solitaria,Antennaria,solitaria,na,2bci,anthodon,panamense,anthodon,panamense,na,1soederm,Anthoxantheum,odoratum,Anthoxanthum,odoratum,na,1kochmer,Anthriscus,scandicina,Anthriscus ,caucalis,na,1gothic,Anticlea,elegans,Zigadenus,elegans,na,2fargo,Aplopappus,spinulosus,Haplopappus,spinulosus,na,2fargo,Aplopappus ,lanceolatus,Pyrrocoma ,lanceolata,na,1fargo,Apocynum,androsaemifoium,Apocynum ,androsaemifolium,na,1concord,Apocynum,sibiricum,Apocynum,cannabinum,na,2sev,Apocynum,X_floribundum,Apocynum,floribundum,APFL,1arnell,Arabis,caucasica,Arabis,caucasica,na,2gothic,Arabis,sp.,Arabis,na,na,1bertel,Arbutus,arizonica,Arbutus,arizonica,na,2concord,Arceuthobium,pusillium,Arceuthobium,pusillum  ,na,1kochmer,Arctium,lappa,Arctium,lappa,na,2fitter,Arctium,lappa,Arctium,lappa,na,2arnell,Arctium,lappa,Arctium,lappa,na,2concord,Arctium,nemerosum,Arctium,nemorosum,na,1arnell,Arctostaphylus,uva-ursi,Arctostaphylos,uva-ursi,na,1fargo,Arenaria,laterifolia,Arenaria ,lateriflora,na,1fargo,Aretium,tomentosum,Arctium ,tomentosum,na,1kochmer,Argemone,albiflora,Argemone,albiflora,na,2concord,Arisaema,stewardsonii,Arisaema,triphyllum,na,2bertel,Aristolochia,watsoni,Aristolochia,watsonii,na,1concord,Armoracia,lapathifolia,Armoracia,rusticana,na,2kochmer,Armoracia,rusticana,Armoracia,rusticana,na,2fitter,Armoracia,rusticana,Armoracia,rusticana,na,2arnell,Armoracia,rusticana,Armoracia,rusticana,na,2washdc,Arnica,acaulis,Arnica,acaulis,na,2kochmer,Arnica,acaulis,Arnica,acaulis,na,2fargo,Artemisia,gnaphalodes,Artemisia,ludoviciana,na,2concord,Asclepias,exaltata,Asclepias,exaltata,na,2concord,Asclepias,purpurescens,Asclepias,purpurascens,na,1konza,Asclepias,viridis,Asclepias,viridis,na,2fargo,Aster,brachyactis,Symphyotrichum,ciliatum,na,2kochmer,Aster,brevisquamus,Aster ,umbellatus,na,1kochmer,Aster,carolinianus,Ampelaster,carolinianus,na,2kochmer,Aster,commixtus,Eurybia,herveyi,na,2gothic,Aster,engelmanii,Aster,engelmannii,na,1kochmer,Aster,gracilis,Eurybia,compacta,na,2kochmer,Aster,infirmus,Doellingeria,infirma,na,2concord,Aster,infirmus,Doellingeria,infirma,na,2fargo,Aster,nova.angliae,Symphyotrichum,novae-angliae,na,1kochmer,Aster,paternus,Sericocarpus,asteroides,na,2fargo,Aster,punicens,Symphyotrichum,puniceum,na,1kochmer,Aster,reticulatus,Oclemena,reticulata,na,2concord,Aster,sagitifolius,Aster,sagittifolius,na,2kochmer,Aster,solidagineus,Sericocarpus,linifolius,na,2kochmer,Astilbe,biternata,Astilbe,biternata,na,2fargo,Astragalus,caryocarpus,Astragalus,crassicarpus,na,2kochmer,Astragalus,michauxii,Astragalus,michauxii,na,2fargo,Astragalus,triphyllus,Astragalus,gilviflorus,na,2kochmer,Astragalus,villosus,Astragalus,villosus,na,2kochmer,Atriplex,arenaria,Atriplex,cristata,na,2fargo,Atriplex,confert,Atriplex ,confertifolia,na,1fitter,Atropa,bella-donna,Atropa,bella-donna,na,1kochmer,Aureolaria,laevigata,Aureolaria,levigata,na,1kochmer,Bacopa,cyclophylla,Bacopa,innominata,na,2kochmer,Bacopa,monnieri,Bacopa,monnieri,na,2kochmer,Balduina,uniflora,Balduina,uniflora,na,2kochmer,Baptisia,braceata,Baptisia ,bracteata,na,1kochmer,Baptisia,cinerea,Baptisia,cinerea,na,2washdc,Barbarea,verna,Barbarea,verna,na,2kochmer,Barbarea,verna,Barbarea,verna,na,2washdc,Berberis,thunbergii,Berberis,thunbergii,na,2kochmer,Berberis,thunbergii,Berberis,thunbergii,na,2fargo,Berberis,thunbergii,Berberis,thunbergii,na,2concord,Berberis,thunbergii,Berberis,thunbergii,na,2fargo,Berteroa,incana,Berteroa,incana,na,2concord,Berteroa,incana,Berteroa,incana,na,2concord,Bidens,artistosa,Bidens,aristosa,na,1concord,Bidens,comosa,Bidens,tripartita,na,2kochmer,Bidens,discoidea,Bidens,discoidea,na,2concord,Bidens,discoidea,Bidens,discoidea,na,2kochmer,Bidens,laevis,Bidens,laevis,na,2concord,Bidens,laevis,Bidens,laevis,na,2kochmer,Bidens,mitis,Bidens,mitis,na,2bertel,Blepharoneuron,tricolepis,Blepharoneuron,tricholepis,na,1kochmer,Boerhaavia,coccinea,Boerhavia ,coccinea,na,1kochmer,Boerhaavia,erecta,Boerhavia ,erecta,na,1bertel,Boerhavia,coccinea,Boerhavia,coccinea,na,2bertel,Boerhavia,intermedia,Boerhavia,intermedia,na,2kochmer,Boltona,asteroides,Boltonia ,asteroides,na,1kochmer,Boltona,caroliniana,Boltonia ,caroliniana,na,1kochmer,Bonamia,aquatica,Stylisma,aquatica,na,2kochmer,Bonamia,humistrata,Stylisma,humistrata,na,2kochmer,Bonamia,patens,Stylisma,patens,na,2kochmer,Bonamia,pickeringii,Stylisma,pickeringii,na,2bertel,Bothriochloa,barbinodis,Bothriochloa,barbinodis,na,2bertel,Bouteloua,repens,Bouteloua,repens,na,2bertel,Bouteloua,rothrockii,Bouteloua,rothrockii,na,2bertel,Bouvardia,ternifolia,Bouvardia,ternifolia,na,2kochmer,Boykinia,aconitifolia,Boykinia,aconitifolia,na,2bertel,Brachiaria,arizonica,Urochloa,arizonica,na,2fargo,Brauneria,angustifolia,Echinacea,angustifolia,na,2bertel,Brickellia,betonicifolia,Brickellia,betonicifolia,na,1bertel,Brickellia,parvula,Brickellia,parvula,na,2bertel,Brickellia,venosa,Brickellia,venosa,na,2bertel,Bromus,anomalus,Bromus,anomalus,na,2fitter,Buddleia,davidii,Buddleja,davidii,na,1bertel,Bulbostylis,funckii,Bulbostylis,funckii,na,2kochmer,Cacalia,atriplicifolia,Arnoglossum,atriplicifolium,na,2kochmer,Cacalia,lanceolata,Arnoglossum,ovatum,na,2kochmer,Cacalia,muhlenbergii,Cacalia ,muehlenbergii,na,1konza,Cacalia,plantaginea,Arnoglossum,plantagineum,na,2kochmer,Cacalia,suaveolens,Hasteola,suaveolens,na,2kochmer,Cakile,hakeli,Cakile,cakile,na,1kochmer,Calepina,irregularis,Calepina,irregularis,na,2bertel,Callitriche,heterophylla,Callitriche,heterophylla,na,2gothic,Calochortus,gunnisonni,Calochortus,gunnisonii  ,na,1kochmer,Calopogon,barbatus,Calopogon,barbatus,na,2concord,Calopogon,pulchellis,Calopogon,pulchellus,na,1konza,Calystegia,macounii,Calystegia,macounii,na,2washdc,Calystegia,spithamea,Calystegia,spithamea,na,2washdc,Camassia,leichtlinii,Camassia,leichtlinii,na,2washdc,Camassia,scilloides,Camassia,scilloides,na,2kochmer,Camassia,scilloides,Camassia,scilloides,na,2kochmer,Camelina,microcarpa,Camelina,microcarpa,na,2bertel,Camissonia,californica,Camissonia,californica,na,2kochmer,Campanula,americana,Campanulastrum,americanum,na,2konza,Campanulastrum,americanum,Campanulastrum,americanum,na,2concord,Cannabis,sativam,Cannabis,sativa,na,1fargo,Capsella,bursapastoris,Capsella ,bursa-pastoris,na,1kochmer,Cardamine,arenicola,Cardamine,parviflora,na,2washdc,Cardamine,bulbosa,Cardamine,bulbosa,na,2kochmer,Cardamine,bulbosa,Cardamine,bulbosa,na,2concord,Cardamine,bulbosus,Cardamine,bulbosa,na,1washdc,Cardamine,douglassii,Cardamine,douglassii,na,2kochmer,Cardamine,douglassii,Cardamine,douglassii,na,2fargo,Cardamine ,bulbosa,Arabis ,bulbosa,na,1kochmer,Carduus,altissimus,Cirsium,altissimum,na,2kochmer,Carduus,carolinianus,Cirsium,carolinianum,na,2kochmer,Carduus,discolor,Cirsium,discolor,na,2kochmer,Carduus,lanceolatus,Cirsium,vulgare,na,2kochmer,Carduus,lecontei,Cirsium,lecontei,na,2kochmer,Carduus,nuttallii,Cirsium,nuttallii,na,2kochmer,Carduus,repandus,Cirsium,repandum,na,2kochmer,Carduus,virginianus,Cirsium,virginianum,na,2fitter,Carex,acutiformis,Carex,acutiformis,na,2washdc,Carex,blanda,Carex,blanda,na,2fargo,Carex,blanda,Carex,blanda,na,2fargo,Carex,deweyana ,Carex ,deweyana,na,1fargo,Carex,eleocharis,Carex,duriuscula,na,2fargo,Carex,gravida,Carex,gravida,na,2fargo,Carex,laeviconica,Carex,laeviconica,na,2arnell,Carex,montana,Carex,montana,na,2bertel,Carnegiea,gigantea,Carnegiea,gigantea,na,2konza,Cassia,chamaecrestia,Cassia,chamaecrista,na,1kochmer,Cassia,hebecarpa,Senna,hebecarpa,na,2concord,Cassia,hebecarpa,Senna,hebecarpa,na,2kochmer,Cassia,obtusifolia,Senna,obtusifolia,na,2harvard,Castanea,dentata,Castanea,dentata,na,2gothic,Castilleja,linariifolia,Castilleja,linariifolia,na,1sev,Castilleja,linariifolia,Castilleja,linariifolia,CALI4,1gothic,Castilleja,sulphurea,Castilleja,sulphurea,na,2fargo,Catalpa,bignoniodes,Catalpa ,bignonioides,na,1konza,Ceanothus,herbaceous,Ceanothus,herbaceus,na,1kochmer,Celasatrus,orbiculatus,Celastrus ,orbiculatus,na,1kochmer,Celasatrus,scandens,Celastrus ,scandens,na,1kochmer,Celtis,georgiana,Celtis,tenuifolia,na,2arnell,Centarium,erythrea,Centaurium,erythraea,na,1arnell,Centarium,pulchellum,Centaurium,pulchellum,na,1kochmer,Centaurea,benedicta,Cnicus,benedictus,na,2concord,Centaurium,umbellatum,Centaurium,erythraea,na,2kochmer,Centella,asiatica,Centella,asiatica,na,2kochmer,Ceratophyllum,echinatum,Ceratophyllum,echinatum,na,2kochmer,Chaenorrhinum,minus,Chaenorhinum ,minus,na,1fitter,Chaerophyllum,temulentum,Chaerophyllum,temulentum,na,2bertel,Chaetopapa,ericoides,Chaetopappa,ericoides,na,1washdc,Chamaelirium,luteum,Chamaelirium,luteum,na,2kochmer,Chamaelirium,luteum,Chamaelirium,luteum,na,2sev,Cheilanthes,eatonii,Cheilanthes,eatonii,CHEA,1soederm,Cheledonium,majus,Chelidonium,majus,na,1kochmer,Chelone,lyonii,Chelone,lyonii,na,1concord,Chenopodium,boscianum,Chenopodium,berlandieri,na,2bertel,Chenopodium,graveolens,Chenopodium,graveolens,na,2kochmer,Chenopodium,leptophylloides,Chenopodium ,leptophyllum,na,1concord,Chenopodium,paganum,Chenopodium,album,na,2soederm,Chenopodium,sp.,Chenopodium,NA,na,1kochmer,Chenopodium,standleyanum,Chenopodium,standleyanum,na,2kochmer,Chondrophora,nudata,Bigelowia,nudata,na,2concord,Chryosplenium,americanum,Chrysosplenium,americanum,na,1kochmer,Chrysobalanus,oblongifolius,Licania,michauxii,na,2fargo,Chrysothamnus,graveolens,Ericameria,nauseosa,na,2kochmer,Cimicifuga,americana,Cimicifuga,americana,na,2fargo,Circaea,latifolia,Circaea ,latifolia,na,1gothic,Cirsium,,Cirsium,na,na,1fitter,Cirsium,dissectum,Cirsium,dissectum,na,2arnell,Cirsium,helenoides,Cirsium,helenioides,na,1concord,Cirsium,pumilum,Cirsium,pumilum,na,2bertel,Cissus,trifoliata,Cissus,trifoliata,na,2kochmer,Cladrastis,lutea,Cladrastis,kentukea,na,2kochmer,Clematis,crispa,Clematis,crispa,na,2kochmer,Clematis,glaucophylla,Clematis,glaucophylla,na,2konza,Clematis,pitcheri,Clematis,pitcheri,na,2kochmer,Clematis,reticulata,Clematis,reticulata,na,2kochmer,Cleome,gynandra,Cleome,gynandra,na,2luquillo,clusia,gundlachii,clusia,calyptrata,na,1bertel,Cnidoscolus,angustidens,Cnidoscolus,angustidens,na,2kochmer,Cnidoscolus,stimulosus,Cnidoscolus,stimulosus,na,2kochmer,Cocculus,carolinus,Cocculus,carolinus,na,2concord,Colchium,autumnale,Colchicum,autumnale,na,1fargo,Commandra,pallida,Commandra,pallida,na,1washdc,Comptonia,peregrina,Comptonia,peregrina,na,2concord,Comptonia,peregrina,Comptonia,peregrina,na,2concord,Convolvulus,pellitus,Calystegia,pellita,na,2fargo,Convolvulus,repens,Calystegia,sepium,na,2concord,Coptis,groenlandica,Coptis,trifolia,na,2kochmer,Corallorhiza,wisteriana,Corallorhiza,wisteriana,na,1mohonk,Cornus,ÌÙorida,Cornus,florida,na,1concord,Cornus,ammonum,Cornus,amomum,na,1washdc,Cornus,amomum,Cornus,amomum,na,2kochmer,Cornus,amomum,Cornus,amomum,na,2kochmer,Cornus,asperifolia,Cornus,asperifolia,na,2konza,Cornus,drummondii,Cornus,drummondii,na,2washdc,Cornus,racemosa,Cornus,racemosa,na,2uwm,Cornus,racemosa,Cornus,racemosa,na,2kochmer,Cornus,racemosa,Cornus,racemosa,na,2fargo,Cornus,racemosa,Cornus,racemosa,na,2concord,Cornus,racemosa,Cornus,racemosa,na,2concord,Cornus,rugosa,Cornus,rugosa,na,2kochmer,Cornus,stricta,Cornus,foemina,na,2arnell,Cornus,suecica,Cornus,suecica,na,2kochmer,Corydalis,australis,Corydalis,micrantha,na,1arnell,Corydalis,intermedia,Corydalis,intermedia,na,2kochmer,Corydalis,sempervirens,Corydalis,sempervirens,na,2concord,Corydalis,sempervirens,Corydalis,sempervirens,na,2soederm,Corydalis,sp.,Corydalis,NA,na,1bertel,Cosmos,parviflorus,Cosmos,parviflorus,na,2fargo,Cotoneaster,acutifolius ,Cotoneaster ,acutifolius,na,1arnell,Crassula,aquatica,Crassula,aquatica,na,2washdc,Crataegus,crus-gallii,Crataegus,crus-galli,na,1kochmer,Crataegus,flabellata,Crataegus,flabellata,na,2kochmer,Crataegus,flava,Crataegus,flava,na,2concord,Crataegus,macrosperma,Crataegus,macrosperma,na,2washdc,Crataegus,phaenopyrum,Crataegus,phaenopyrum,na,2kochmer,Crataegus,phaenopyrum,Crataegus,phaenopyrum,na,2uwm,Crataegus,sp.,Crataegus,na,na,1uwm,Crataegus,spp.,Crataegus,NA,na,1kochmer,Crataegus,uniflora,Crataegus,uniflora,na,2konza,Crategus,molle,Crataegus,mollis,na,1kochmer,Crepis,pulchra,Crepis,pulchra,na,2concord,Crotolaria,sagittalis,Crotalaria,sagittalis,na,1konza,Croton,monanthogynus,Croton,monanthogynus,na,2kochmer,Croton,monanthogynus,Croton,monanthogynus,na,2kochmer,Croton,septentrionalis,Croton ,glandulosus,na,1kochmer,Crotonopsis,elliptica,Croton,willdenowii,na,2kochmer,Crotonopsis,linearis,Croton,michauxii,na,2bertel,Cryptantha,angustifolia,Cryptantha,angustifolia,na,2bertel,Cryptantha,barbigera,Cryptantha,barbigera,na,2kochmer,Cunila,origanoides,Cunila,origanoides,na,2kochmer,Cuscuta,,Cuscuta ,na,na,1kochmer,Cuscuta,cephalanthii,Cuscuta ,cephalanthi,na,1kochmer,Cuscuta,corylii,Cuscuta ,coryli,na,1concord,Cuscuta,polygonorum,Cuscuta,polygonorum,na,2kochmer,Cycloloma,artriplicifolium,Cycloloma ,atriplicifolium,na,1bci,cydista,aequinoctalis,cydista,aequinoctialis,na,1soederm,Cydonia,vulgaris,Cydonia,oblonga,na,2bertel,Cylindropuntia,fulgida,Cylindropuntia,fulgida,na,2bertel,Cynanchum,arizonicum,Cynanchum,arizonicum,na,2concord,Cynanchum,nigrum,Cynanchum,louiseae,na,2arnell,Cynosuras,cristatus,Cynosurus,cristatus,na,1bertel,Cyperus,dipsaceus,Cyperus,dipsaceus,na,2bertel,Cyperus,pringlei,Cyperus,mutisii,na,2fargo,Cyperus,schweinitzii,Cyperus,schweinitzii,na,2concord,Cypredium ,acaule,Cypripedium,acaule,na,1kochmer,Cypripdeium,acaule,Cypripedium ,acaule,na,1kochmer,Cypripdeium,pubescens,Cypripedium ,pubescens,na,1kochmer,Cypripdeium,reginae,Cypripedium ,reginae,na,1washdc,Cypripedium,acaule,Cypripedium,acaule,na,2fargo,Cypripedium,candidum,Cypripedium,candidum,na,2washdc,Cypripedium,pubescens,Cypripedium,pubescens,na,2fargo,Cypripedium,pubescens,Cypripedium,pubescens,na,2fargo,Dalea,alopecurioides,Dalea ,alopecuroides,na,1sev,Dalea,brachystachya,Dalea,brachystachya,DABR,1konza,Dalea,candida,Dalea,candida,na,2konza,Dalea,multiflora,Dalea,multiflora,na,2konza,Dalea,purpurea,Dalea,purpurea,na,2kochmer,Dalibarda,repens,Dalibarda,repens,na,2washdc,Danthonia,compressa,Danthonia,compressa,na,2kochmer,Dasistoma,macrophylla,Dasistoma,macrophylla,na,2bertel,Dasyochloa,pulchella,Dasyochloa,pulchella,na,2sev,Dasyocholoa,pulchella,Dasyochloa,pulchella,DAPU7,1kochmer,Daubentonia,punicea,Sesbania,punicea,na,2washdc,Delphinium,ajacis,Consolida,ajacis,na,2gothic,Delphinium,barbeyi,Delphinium,barbeyi,na,2konza,Delphinium,virescens,Delphinium,carolinianum,na,2fargo,Delphinium,virescens,Delphinium,carolinianum,na,2sev,Delphinium,wootonii,Delphinium,wootonii,DEWO,1kochmer,Delphinum,ajacis,Delphinium ,ajacis,na,1kochmer,Delphinum,carolinianum,Delphinium ,carolinianum,na,1kochmer,Delphinum,exaltatum,Delphinium ,exaltatum,na,1kochmer,Delphinum,tricorne,Delphinium ,tricorne,na,1concord,Dentaria,diphylla,Cardamine,diphylla,na,2washdc,Dentaria,heterophylla,Cardamine,angustata,na,2arnell,Deschampsia,bottnica,Deschampsia,bottnica,na,2arnell,Descuarinia,sophia,Descurainia,sophia,na,1konza,Desmanthus,illinoensis,Desmanthus,illinoensis,na,2kochmer,Desmanthus,illinoensis,Desmanthus,illinoensis,na,2bertel,Desmodium,batocaulon,Desmodium,batocaulon,na,2bertel,Desmodium,grahamii,Desmodium,grahamii,na,1konza,Desmodium,illinoense,Desmodium,illinoense,na,2kochmer,Desmodium,nuttallii,Desmodium,nuttallii,na,2kochmer,Desmodium,obtusum,Desmodium,obtusum,na,2konza,Desmodium,sessillifolium,Desmodium,sessilifolium,na,1konza,Dicanthelium,oligosanthes,Dichanthelium,oligosanthes,na,1kochmer,Dichondra,carlinensis,Dichondra ,carolinensis,na,1kochmer,Diervillia,lonicera,Diervilla ,lonicera,na,1kochmer,Diervillia,sessilifolia,Diervilla ,sessilifolia,na,1bertel,Dieteria,asteroides,Psilactis,asteroides,na,2kochmer,Diospyros,viriginiana,Diospyros ,virginiana,na,1kochmer,Disporum,maculatum,Disporum,maculatum,na,2fargo,Distichlis,stricta,Distichlis,spicata,na,2bertel,Ditaxis,neomexicana,Argythamnia,neomexicana,na,2bertel,Drymaria,molluginea,Drymaria,molluginea,na,2gothic,Dugaldia,hoopesii,Hymenoxys,hoopesii,na,2kochmer,Dyschoriste,humistrata,Dyschoriste,humistrata,na,2kochmer,Dyschoriste,oblongifolia,Dyschoriste,oblongifolia,na,2konza,Dyssodia,papposa,Dyssodia,papposa,na,2konza,Echinacea,angustifolia,Echinacea,angustifolia,na,2bertel,Echinochloa,colona,Echinochloa,colona,na,2sev,Echinochloa,crus-gallii,Echinochloa,crus-gallii,ECCRC,1fargo,Echinochloa ,crusgalli,Echinochloa ,crus-galli,na,1fargo,Elaeagnus ,angustifolia,Elaeagnus ,angustifolia,na,1kochmer,Elephantopus,nudatus,Elephantopus,nudatus,na,2fargo,Elsholtzia,stauntonii,Elsholtzia ,stauntoni,na,1washdc,Enemion,biternatum,Enemion,biternatum,na,2bertel,Enneapogon,desvauxii,Enneapogon,desvauxii,na,2kochmer,Epilobium,augustifolium,Epilobium ,angustifolium,na,1gothic,Epilobium,brachycarpum,Epilobium,brachycarpum,na,2gothic,Epilobium,lactiflorum,Epilobium,lactiflorum,na,2fitter,Epipactis,purpurata,Epipactis,purpurata,na,2bertel,Eragrostis,cillianensis,Eragrostis,cilianensis,na,1bertel,Eragrostis,echinochloidea,Eragrostis,echinochoidea,na,1fargo,Eragrostis,hypnoides,Eragrostis,hypnoides,na,2kochmer,Erechtites,hieracifolia,Erechtites,hieracifolia,na,2concord,Erechtites,hieracifolia,Erechtites,hieracifolia,na,2washdc,Erechtites,hieraciifolia,Erechtites,hieraciifolia,na,2bertel,Ericameria,laricifolia,Ericameria,laricifolia,na,2gothic,Erigeron,elatior,Erigeron,elatior,na,2bertel,Erigeron,neomexicanus,Erigeron,neomexicanus,na,2concord,Erigeron,philadelphius,Erigeron,philadelphicus ,na,1gothic,Erigeron,sp.,Erigeron,na,na,1kochmer,Erigeron,vernus,Erigeron,vernus,na,2bertel,Eriochloa,acuminata,Eriochloa,acuminata,na,2mohonk,Eruthronium,americanum,Erythronium,americanum,na,1kochmer,Eryngium,yuccifolium var yuccifolium,Eryngium,yuccifolium,na,1fargo,Erysimum,chieranthoides,Erysimum ,cheiranthoides,na,1gothic,Erythrocoma,triflora,Geum,triflorum,na,2kochmer,Eschscholtzia,californica,Eschscholzia,californica,na,1bertel,Eucrypta,chrysanthemifolia,Eucrypta,chrysanthemifolia,na,2bertel,Eucrypta,micrantha,Eucrypta,micrantha,na,2bci,eugenia,oerstedeana,eugenia,oerstediana ,na,1kochmer,Eulophia,ecristata,Pteroglossaspis,ecristata,na,2fargo,Euonymus,atropurpurea,Euonymus ,atropurpureus,na,1kochmer,Euonymus,obovatus,Euonymus,obovatus,na,2konza,Eupatorium,altissimum,Eupatorium,altissimum,na,2kochmer,Eupatorium,altissimum,Eupatorium,altissimum,na,2kochmer,Eupatorium,compositifolium,Eupatorium,compositifolium,na,2kochmer,Eupatorium,cuneifolium,Eupatorium,glaucescens,na,2kochmer,Eupatorium,incarnatum,Fleischmannia,incarnata,na,2concord,Eupatorium,perfoliata,Eupatorium,perfoliatum  ,na,1kochmer,Eupatorium,pilosum,Eupatorium,pilosum,na,2concord,Eupatorium,pilosum,Eupatorium,pilosum,na,2concord,Eupatorium,pubescens,Eupatorium,rotundifolium,na,2kochmer,Eupatorium,semiserratum,Eupatorium,semiserratum,na,2kochmer,Eupatorium,serotinum,Eupatorium,serotinum,na,2concord,Eupatorium,serotinum,Eupatorium,serotinum,na,2bertel,Euphorbia,arizonica,Chamaesyce,arizonica,na,2kochmer,Euphorbia,commutatus,Euphorbia ,commutata,na,1bertel,Euphorbia,florida,Chamaesyce,florida,na,2kochmer,Euphorbia,ipecacuanhae,Euphorbia,ipecacuanhae,na,2bertel,Euphorbia,micromera,Chamaesyce,micromera,na,2kochmer,Euphorbia,polygonifolia,Chamaesyce,polygonifolia,na,2bertel,Euphorbia,revoluta,Chamaesyce,revoluta,na,2arnell,Euphrasia,sp.,Euphrasia,NA,na,1konza,Evolvulus,nuttallianus,Evolvulus,nuttallianus,na,2concord,Fagopyrum,sagittatum,Fagopyrum,esculentum,na,2uwm,Fagus,americana,Fagus,grandifolia,na,2bertel,Fleischmannia,sonorae,Fleischmannia,sonorae,na,2kochmer,Fothergilla,gardenii,Fothergilla,gardenii,na,1kochmer,Fothergilla,major,Fothergilla,major,na,2arnell,Fragaria,viridis,Fragaria,viridis,na,2fargo,Fraxinus,lanceolata,Fraxinus,pennsylvanica,na,2kochmer,Fraxinus,tomentosa,Fraxinus,profunda,na,2soederm,Fritillaria,imperialis,Fritillaria,imperialis,na,2arnell,Fritillaria,imperialis,Fritillaria,imperialis,na,2fargo,Fritillaria ,atropurpurea,Fritillaria ,atropurpurea,na,1kochmer,Galactia,erecta,Galactia,erecta,na,2kochmer,Galactia,macreei,Galactia,volubilis,na,2kochmer,Galactia,regularis,Galactia,regularis,na,2washdc,Galearis,spectabilis,Galearis,spectabilis,na,2arnell,Galeopsis,speciosa,Galeopsis,speciosa,na,2washdc,Galinsoga,ciliata,Galinsoga,quadriradiata,na,2kochmer,Galinsoga,ciliata,Galinsoga,quadriradiata,na,2concord,Galinsoga,ciliata,Galinsoga,quadriradiata,na,2washdc,Galinsoga,quadriradiata,Galinsoga,quadriradiata,na,2fargo,Galinsoga ,ciliata,Galinsoga ,ciliata,na,1concord,Galium,circaezens,Galium,circaezans,na,1kochmer,Galium,hispidulum,Galium,hispidulum,na,2concord,Galium,mullugo,Galium,mollugo,na,1washdc,Galium,tinctoria,Galium,tinctorium,na,1bertel,Gamochaeta,purpurea,Gamochaeta,purpurea,na,2kochmer,Gaultheria,procumbens,Gaultheria,procumbens,na,2concord,Gaultheria,procumbens,Gaultheria,procumbens,na,2concord,Gaylussacca,dumosa,Gaylussacia,dumosa,na,1concord,Gaylussacca,frondosa,Gaylussacia,frondosa,na,1washdc,Gaylussacia,baccata,Gaylussacia,baccata,na,2kochmer,Gaylussacia,baccata,Gaylussacia,baccata,na,2concord,Gaylussacia,baccata,Gaylussacia,baccata,na,2concord,Gentiana,clausa,Gentiana,clausa,na,2gothic,Gentiana,parryi,Gentiana,parryi,na,2gothic,Gentianopsis,barbellata,Gentianopsis,barbellata,na,2gothic,Gentianopsis,thermalis,Gentianopsis,thermalis,na,2washdc,Geranium,bicknellii,Geranium,bicknellii,na,2concord,Gerardia,flava,Aureolaria,flava,na,2concord,Geum,canadensis,Geum,canadense ,na,1kochmer,Geum,radiatum,Geum,radiatum,na,2bertel,Gilia,flavocincta,Gilia,flavocincta,na,2kochmer,Gladiolus,gandovensis,Gladiolus ,gandavensis,na,1sev,Glandularia,binnatifida,Glandularia,bipinnatifida,GLBI2,1bertel,Glandularia,gooddingii,Glandularia,gooddingii,na,2kochmer,Gleditsia,aquatica,Gleditsia,aquatica,na,2konza,Gleditsia,treacanthos,Gleditsia,triacanthos,na,1fargo,Gleditsia,triacanthos ,Gleditsia ,triacanthos,na,1fargo,Glyceria,grandis,Glyceria,grandis,na,2bertel,Gomphrena,sonorae,Gomphrena,sonorae,na,2kochmer,Goodyera,phioides,Goodyera ,ophioides,na,1concord,Goodyera,tessellata,Goodyera,tesselata,na,1bertel,Graptopetalum,rusbyi,Graptopetalum,rusbyi,na,2fargo,Gratiola,?,Gratiola,na,na,1kochmer,Gratiola,neglecta,Gratiola,neglecta,na,2concord,Gratiola,neglecta,Gratiola,neglecta,na,2kochmer,Gratiola,pilosa,Gratiola,pilosa,na,2konza,Gutierrezia,dracunculoides,Amphiachyris,dracunculoides,na,2bertel,Gutierrezia,microcephala,Gutierrezia,microcephala,na,2fargo,Gymnoceadus,dioica,Gymnocladus ,dioicus,na,1kochmer,Gymnocladus,dioica,Gymnocladus,dioicus,na,2bertel,Gymnosperma,glutinosum,Gymnosperma,glutinosum,na,2arnell,Gynmadenia,conopsea,Gymnadenia,conopsea,na,1concord,Habenaria ,blephariglottis ,Habenaria ,blephariglottis ,na,1concord,Habenaria ,clavellata,Habenaria ,clavellata,na,1concord,Habenaria ,dilatata,Habenaria ,dilatata,na,1concord,Habenaria ,fimbriata,Habenaria ,fimbriata,na,1concord,Habenaria ,flava,Habenaria ,flava,na,1concord,Habenaria ,lacera,Habenaria ,lacera,na,1concord,Habenaria ,orbiculata,Habenaria,orbiculata,na,1concord,Habenaria ,psychodes,Habenaria ,psycodes,na,1kochmer,Habernaria,andrewsii,Habenaria,andrewsii,na,1kochmer,Habernaria,blephariglottis,Habenaria,blephariglottis,na,1kochmer,Habernaria,bracteata,Habenaria,bracteata,na,1kochmer,Habernaria,champanii,Habenaria,champanii,na,1kochmer,Habernaria,ciliaris,Habenaria,ciliaris,na,1kochmer,Habernaria,clavellata,Habenaria,clavellata,na,1kochmer,Habernaria,cristata,Habenaria,cristata,na,1kochmer,Habernaria,flava,Habenaria,flava,na,1kochmer,Habernaria,integra,Habenaria,integra,na,1kochmer,Habernaria,lacera,Habenaria,lacera,na,1kochmer,Habernaria,nivea,Habenaria,nivea,na,1kochmer,Habernaria,orbiculata,Habenaria,orbiculata,na,1kochmer,Habernaria,peramoena,Habenaria,peramoena,na,1kochmer,Habernaria,psycodes,Habenaria,psycodes,na,1kochmer,Habernaria,quinqueseta,Habenaria,quinqueseta,na,1kochmer,Habernaria,repens,Habenaria,repens,na,1fargo,Hackelia,americana,Hackelia,deflexa,na,2kochmer,Hackelia,virginiana,Hackelia,virginiana,na,2concord,Hackelia,virginiana,Hackelia,virginiana,na,2kochmer,Halesia,parviflora,Halesia,carolina,na,2bertel,Halimolobos,diffusa,Halimolobos,diffusus,na,1soederm,Havreax,,NA,NA,na,1soederm,Hedera,sp.,Hedera,NA,na,1bertel,Hedyotis,greenei,Hedyotis,greenei,na,2kochmer,Helenium,amarum,Helenium,amarum,na,2kochmer,Helenium,pinnatifidium,Helenium ,pinnatifidum,na,1bertel,Helenium,thurberi,Helenium,thurberi,na,2kochmer,Helenium,vernale,Helenium,pinnatifidum,na,2gothic,Helianthella,quinquenervi,Helianthella,quinquenervis,na,1concord,Helianthemum,bicknell,Helianthemum,bicknellii  ,na,1concord,Helianthemum,canadensis,Helianthemum,canadense  ,na,1kochmer,Helianthus,cucumerifolius,Helianthus,debilis,na,2concord,Helianthus,divicaricatus,Helianthus,divaricatus ,na,1konza,Helianthus,maximilianii,Helianthus,maximiliani,na,1kochmer,Helianthus,tomentosus,Helianthus,resinosus,na,2fitter,Helictotrichon,pratensis,Helictotrichon,pratense,na,1concord,Hemerocallis ,fulva,Hemerocallis ,fulva,na,1luquillo,heteropteris,laurifolia,heteropteris,laurifolia,na,1kochmer,Heterotheca,gossypina,Chrysopsis,gossypina,na,2kochmer,Heterotheca,mariana,Chrysopsis,mariana,na,2kochmer,Heterotheca,nervosa,Pityopsis,graminifolia,na,2kochmer,Heterotheca,pilosa,Chrysopsis,pilosa,na,2kochmer,Heterotheca,trichophylla,Chrysopsis,gossypina,na,2kochmer,Heuchera,aceroides,Heuchera,longiflora,na,2kochmer,Hexastylis,arifolia,Hexastylis,arifolia,na,2kochmer,Hexastylis,heterophylla,Hexastylis,heterophylla,na,2washdc,Hexastylis,minus,Hexastylis,minor,na,1washdc,Hexastylis,virginica,Hexastylis,virginica,na,2kochmer,Hexastylis,virginica,Hexastylis,virginica,na,2concord,Hibiscus,palustris,Hibiscus,moscheutos,na,2concord,Hieracium,florentinum,Hieracium,piloselloides,na,2kochmer,Hieracium,florentium,Hieracium ,piloselloides,na,1fargo,Hierochloa,odorata,Hierochloe ,odorata,na,1arnell,Honkenya,peploides,Honckenya,peploides,na,1fitter,Hordeum,distichon,Hordeum,vulgare,na,2arnell,Hordeum,Vulgare,Hordeum,vulgare,na,1fargo,Hosta,lancifolia,Hosta,lancifolia,na,2washdc,Houstonia,purpurea,Houstonia,purpurea,na,2kochmer,Houstonia,purpurea,Houstonia,purpurea,na,2kochmer,Houstonia,serpyllifolia,Houstonia,serpyllifolia,na,2kochmer,Houstonia,tenuifolia,Houstonia,longifolia,na,2fitter,Hyacinthoides,x variabilis,Hyacinthoides,NA,na,1washdc,Hybanthus,concolor,Hybanthus,concolor,na,2konza,Hybanthus,verticellatus,Hybanthus,verticillatus,na,1fargo,Hydrangea,paniculata ,Hydrangea  ,paniculata,na,1concord,Hydrocotyl,americana,Hydrocotyle,americana,na,1gothic,Hydrophyllum,fendleri,Hydrophyllum,fendleri,na,2washdc,Hydrophyllum,virginianum,Hydrophyllum,virginianum,na,2kochmer,Hydrophyllum,virginianum,Hydrophyllum,virginianum,na,2fargo,Hydrophyllum,virginianum,Hydrophyllum,virginianum,na,2bertel,Hymenothrix,wislizenii,Hymenothrix,wislizeni,na,1bertel,Hymenothrix,wrightii,Hymenothrix,wrightii,na,2bertel,Hymenoxys,quinquesquamata,Hymenoxys,quinquesquamata,na,2concord,Hypericum,elliptium,Hypericum,ellipticum,na,1concord,Hypericum,gentianoides,Hypericum,gentianoides,na,2concord,Hypericum,majus,Hypericum,majus,na,2kochmer,Hypochoeris,elata,Achyrophorus ,elatus,na,1kochmer,Hypochoeris,glabra,Hypochaeris ,glabra,na,1kochmer,Hypochoeris,radicata,Hypochaeris,radicata,na,1washdc,Hypochoeris,radicata,Hypochaeris,radicata,na,1washdc,Hypoxis,hirsuta,Hypoxis,hirsuta,na,2kochmer,Hypoxis,hirsuta,Hypoxis,hirsuta,na,2fargo,Hypoxis,hirsuta,Hypoxis,hirsuta,na,2concord,Hypoxis,hirsuta,Hypoxis,hirsuta,na,2kochmer,Hypoxis,sessilis,Hypoxis,sessilis,na,2fargo,Hystrix,patula,Elymus,hystrix,na,2concord,Ipomea,purpurea,Ipomoea,purpurea,na,1kochmer,Ipomoea,coccina,Ipomoea ,coccinea,na,1bertel,Ipomoea,cristulata,Ipomoea,cristulata,na,1kochmer,Ipomoea,macrorhiza,Ipomoea,macrorhiza,na,2kochmer,Ipomoea,quamoclit,Ipomoea,quamoclit,na,2kochmer,Ipomoea,stolonifera,Ipomoea,imperati,na,2kochmer,Ipomoea,trichocarpa,Ipomoea,cordatotriloba,na,2bertel,Ipomopsis,multiflora,Ipomopsis,multiflora,na,2kochmer,Ipomopsis,rubra,Ipomopsis,rubra,na,2washdc,Iris,kaempferi,Iris,ensata,na,2concord,Iris,pseudoacorus,Iris,pseudacorus  ,na,1soederm,Iris,pseudocorus,Iris,pseudacorus,na,1washdc,Iris,virginica,Iris,virginica,na,2kochmer,Iris,virginica,Iris,virginica,na,2bertel,Isocoma,tenuisecta,Isocoma,tenuisecta,na,2washdc,Isotria,medeoloides,Isotria,medeoloides,na,2kochmer,Isotria,medeoloides,Isotria,medeoloides,na,2washdc,Isotria,verticillata,Isotria,verticillata,na,2kochmer,Isotria,verticillata,Isotria,verticillata,na,2concord,Isotria,verticillata,Isotria,verticillata,na,2arnell,J.,bulbosus,Juncus,bulbosus,na,1bertel,Janusia,gracilis,Janusia,gracilis,na,2washdc,Jeffersonia,diphylla,Jeffersonia,diphylla,na,2kochmer,Jeffersonia,diphylla,Jeffersonia,diphylla,na,2fargo,Juglans,cinerea,Juglans,cinerea,na,2konza,Juglens,nigra,Juglans,nigra,na,1arnell,Juncus,conglomeratus,Juncus,effusus,na,2kochmer,Justicia,americana,Justicia,americana,na,2kochmer,Justicia,ovata,Justicia,ovata,na,2bertel,Kallstroemia,californica,Kallstroemia,californica,na,2kochmer,Kallstroemia,maxima,Kallstroemia,maxima,na,2kochmer,Kalmia,caroliniana,Kalmia ,carolina,na,1kochmer,Kalmia,cuneata,Kalmia,cuneata,na,2kochmer,Kalmia,hirsuta,Kalmia,hirsuta,na,2concord,Kalmia,polifolia,Kalmia,polifolia,na,2konza,Koeleria,pyramidata,Koeleria,macrantha,na,2soederm,Kornax,,NA,NA,na,1kochmer,Kosteletskya,virgnica,Kosteletzkya ,virginica,na,1kochmer,Krigia,oppositifolia,Krigia,caespitosa,na,2concord,Krigia,viginica,Krigia,virginica,na,1kochmer,Lactuca,biennis,Lactuca,biennis,na,2fargo,Lactuca,biennis,Lactuca,biennis,na,2concord,Lactuca,biennis,Lactuca,biennis,na,2concord,Lamium,amplexicaulis,Lamium,amplexicaule,na,1fargo,Lappula,echinata,Lappula,squarrosa,na,2fargo,Lappula,redowski,Lappula,redowskii,na,2concord,Leontodon,autumalis,Leontodon,autumnalis  ,na,1bertel,Leptochloa,dubia,Leptochloa,dubia,na,2kochmer,Lespedeza,cuneata,Lespedeza,cuneata,na,2kochmer,Lespedeza,nuttallii,Lespedeza,nuttallii,na,2kochmer,Lespedeza,stipulacea,Kummerowia,stipulacea,na,2kochmer,Lespedeza,virginica,Lespedeza,virginica,na,2concord,Lespedza,capitata,Lespedeza,capitata,na,1concord,Lespedza,hirta,Lespedeza,hirta,na,1concord,Lespedza,intermedia,Lespedeza,intermedia,na,1concord,Lespedza,virginica,Lespedeza,virginica,na,1fargo,Lesquerella,?,Lesquerella,na,na,1arnell1877,Leucanthemum,vulgaris,Leucanthemum,vulgare,na,1soederm,Leucojum,sp.,Leucojum,vernum,na,1washdc,Leucothoe,editorum,Leucothoe,editorum,na,2kochmer,Leucothoe,populifolia,Agarista,populifolia,na,2washdc,LeucothoÌÇ,editorum,Leucothoe,editorum,na,2arnell,Leymus,arenarius,Leymus,arenarius,na,2kochmer,Liatris,earlei,Liatris,squarrulosa,na,2kochmer,Liatris,gracilis,Liatris,gracilis,na,2kochmer,Liatris,helleri,Liatris,helleri,na,2kochmer,Liatris,microcephala,Liatris,microcephala,na,2kochmer,Liatris,regimontis,Liatris,cokeri,na,2kochmer,Liatris,resinosa,Liatris,resinosa,na,2kochmer,Ligusticum,canadense,Ligusticum,canadense,na,2kochmer,Lilaeopsis,chinensis,Lilaeopsis,chinensis,na,2kochmer,Lilium,michauxii,Lilium,michauxii,na,2concord,Lilium,philadelphium,Lilium,philadelphicum,na,1kochmer,Lilium,superbum,Lilium,superbum,na,2concord,Lilium,tigrum,Lilium,tigrinum,na,1gothic,Limnorchis,hyperborea,Platanthera,hyperborea,na,2fargo,Limonium,?,Limonium,na,na,1kochmer,Limonium,nashii,Limonium,carolinianum,na,2kochmer,Limosella,subulata,Limosella,australis,na,2bertel,Linanthus,bigelovii,Linanthus,bigelovii,na,2bertel,Linaria,texana,Nuttallanthus,texanus,na,2kochmer,Lindera,melissaefolium,Lindera,melissifolia,na,1kochmer,Lindernia,anagallidea,Lindernia,dubia,na,2concord,Lindernia,angallidea,Lindernia,dubia,na,1kochmer,Lindernia,monticola,Lindernia,monticola,na,2kochmer,Lindernia,saxicola,Lindernia,monticola,na,2konza,Linium,sulcatum,Linum,sulcatum,na,1fitter,Linum,catharticum,Linum,catharticum,na,2arnell,Linum,catharticum,Linum,catharticum,na,2bertel,Linum,neomexicanum,Linum,neomexicanum,na,1kochmer,Liparis,lilifolia,Liparis ,liliifolia,na,1concord,Liparis ,lilifolia,Liparis ,liliifolia,na,1concord,Liparis ,loeselii,Liparis ,loeselii,na,1kochmer,Listera,australis,Listera,australis,na,2konza,Lithospermum,incisum,Lithospermum,incisum,na,2fargo,Lithospermum,incisum,Lithospermum,incisum,na,2kochmer,Litsea,aestivalis,Litsea,aestivalis,na,2arnell,Lobelia,dortmana,Lobelia,dortmanna,na,1washdc,Lolium,multiflorum,Lolium,perenne,na,2konza,Lomatium,foeniculaceum,Lomatium,foeniculaceum,na,2fargo,Lomatium,foeniculaceum,Lomatium,foeniculaceum,na,2arnell,Lonicera,caprifolium,Lonicera,caprifolium,na,2konza,Lonicera,maackii,Lonicera,maackii,na,1washdc,Lonicera,maackii,Lonicera,maackii,na,1concord,Lonicera,morrowi,Lonicera,morrowii,na,2concord,Lonicera,semperviens,Lonicera,sempervirens,na,1concord,Lonicera,tartarica,Lonicera,tatarica,na,1washdc,Lonicera,tatarica,Lonicera,tatarica,na,2soederm,Lonicera,tatarica,Lonicera,tatarica,na,2fargo,Lonicera,tatarica,Lonicera,tatarica,na,2arnell,Lonicera,tatarica,Lonicera,tatarica,na,2fargo,Lotus,americanus,Lotus,unifoliolatus,na,2bertel,Lotus,greenei,Lotus,greenei,na,2kochmer,Lotus,helleri,Lotus,unifoliolatus,na,2bertel,Lotus,humistratus,Lotus,humistratus,na,2bertel,Lotus,plebeius,Lotus,plebeius,na,2bertel,Lotus,rigidus,Lotus,rigidus,na,2concord,Lotus ,corniculatus,Lotus ,corniculatus,na,1kochmer,Ludwigia,arcuata,Ludwigia,arcuata,na,2kochmer,Ludwigia,bonariensis,Ludwigia,bonariensis,na,2kochmer,Ludwigia,breviceps,Ludwigia ,brevipes,na,1kochmer,Ludwigia,decurrens,Ludwigia,decurrens,na,2kochmer,Ludwigia,glabrescens,Ludwigia ,peploides,na,1kochmer,Ludwigia,hirtella,Ludwigia,hirtella,na,2kochmer,Ludwigia,pilosa,Ludwigia,pilosa,na,2kochmer,Ludwigia,suffruticosa,Ludwigia,suffruticosa,na,2gothic,Lupinus,,Lupinus,na,na,1gothic,Lupinus,amplus,Lupinus,bakeri,na,2kochmer,Lupinus,diffusus,Lupinus,diffusus,na,2gothic,Lupinus,prunophyllus,Lupinus,prunophilus,na,1kochmer,Lycium,halimifolium,Lycium,barbarum,na,2kochmer,Lycopersicon,exculentum,Lycopersicon,esculentum,na,1bertel,Lycurus,setosus,Lycurus,setosus,na,2kochmer,Lyonia,lucida,Lyonia,lucida,na,2washdc,Lyonia,mariana,Lyonia,mariana,na,2kochmer,Lyonia,mariana,Lyonia,mariana,na,2concord,Lysimachia,hybrida,Lysimachia,hybrida,na,2kochmer,Lysimachia,lanceolata,Lysimachia,lanceolata,na,2kochmer,Lysimachia,loomisii,Lysimachia,loomisii,na,2concord,Lysimachia,thrysiflora,Lysimachia,thyrsiflora  ,na,1fargo,Lysimachia,thyrsiflora,Lysimachia,thyrsiflora,na,2arnell,Lysimachia,thyrsiflora,Lysimachia,thyrsiflora,na,2bertel,Machaeranthera,tagetina,Machaeranthera,tagetina,na,2washdc,Magnolia,tripetala,Magnolia,tripetala,na,2concord,Magnolia,tripetala,Magnolia,tripetala,na,2kochmer,Mahonia,bealei,Berberis ,bealei,na,1gothic,Maianthemum,stellatum,Maianthemum,stellatum,na,2kochmer,Malaxis,spicata,Malaxis,spicata,na,2kochmer,Malaxis,unifolia,Malaxis,unifolia,na,2washdc,Malus,angustifolia,Malus,angustifolia,na,2kochmer,Malus,angustifolia,Malus,angustifolia,na,2washdc,Malus,floribunda,Malus,floribunda,na,2soederm,Malus,sp.,Malus,NA,na,1washdc,Malus,spectabilis,Malus,spectabilis,na,2arnell,Malva,pusilla,Malva,neglecta,na,2fargo,Mamillaria,vivipara,Mammillaria ,vivipara,na,1bertel,Mammillaria,viridiflora,Mammillaria,viridiflora,na,2bertel,Marah,gilensis,Marah,gilensis,na,2concord,Marshallia,????,Marshallia,na,na,1kochmer,Marshallia,scaposa,Marshallia ,obovata,na,1kochmer,Marshallia,trinervia,Marshallia,trinervia,na,2bertel,Matelea,arizonica,Matelea,arizonica,na,2fitter,Matricaria,discoidea,Matricaria,discoidea,na,2concord,Matricaria,matricariodes,Matricaria,matricarioides ,na,1washdc,Matricaria,matricarioides,Matricaria,discoidea,na,2kochmer,Matricaria,matricarioides,Matricaria,discoidea,na,2fargo,Matricaria,matricarioides,Matricaria,discoidea,na,2arnell,Matricaria,matricarioides,Matricaria,discoidea,na,2kochmer,Mazus,miguelii,Mazus  ,miquelii,na,1kochmer,Meehania,cordata,Meehania,cordata,na,2fitter,Melilotus,albus,Melilotus,officinalis,na,2fitter,Melilotus,altissimus,Melilotus,altissimus,na,1kochmer,Mentha,citrata,Mentha,aquatica,na,2washdc,Mertensia,virginica,Mertensia,virginica,na,2kochmer,Mertensia,virginica,Mertensia,virginica,na,2fargo,Mertensia,virginica,Mertensia,virginica,na,2konza,Microseris,cuspidata,Nothocalais,cuspidata,na,2bertel,Microsteris,gracilis,Phlox,gracilis,na,2concord,Mirabilis,hirsuta,Mirabilis,hirsuta,na,2fitter,Moehringia,trinervia,Moehringia,trinervia,na,2arnell,Moehringia,trinervia,Moehringia,trinervia,na,2concord,Monarda,media,Monarda,media,na,2concord,Moneses,uniflora,Moneses,uniflora,na,2arnell,Moneses,uniflora,Moneses,uniflora,na,2fargo,Monolepis,nuttalliana,Monolepis,nuttalliana,na,2kochmer,Monotropa,hypopithys,Monotropa,hypopithys,na,2concord,Monotropa,hypopithys,Monotropa,hypopithys,na,2arnell,Monotropa,hypopitys,Monotropa,hypopithys,na,2kochmer,Monotropsis,odorata,Monotropsis,odorata,na,2sev,Monroa,squarrosa,Munroa,squarrosa,MOSQ,1bertel,Morus,microphylla,Morus,microphylla,na,2bertel,Muhlenbergia,emersleyi,Muhlenbergia,emersleyi,na,2bertel,Muhlenbergia,microsperma,Muhlenbergia,microsperma,na,1bertel,Muhlenbergia,minutissima,Muhlenbergia,minutissima,na,2bertel,Muhlenbergia,pauciflora,Muhlenbergia,pauciflora,na,1sev,Muhlenbergia,pauciflora,Muhlenbergia,pauciflora,MUPA2,1bertel,Muhlenbergia,porteri,Muhlenbergia,porteri,na,2fargo,Muhlenbergia,richardsonis,Muhlenbergia,richardsonis,na,2bertel,Muhlenbergia,rigens,Muhlenbergia,rigens,na,2sev,Muhlenbergia,tenuifolia,Muhlenbergia,tenuifolia,MUTE4,1bertel,Muhlenbergia,texana,Muhlenbergia,texana,na,2fitter,Mycelis,muralis,Mycelis,muralis,na,2arnell,Mycelis,muralis,Mycelis,muralis,na,2kochmer,Myosotis,laxa,Myosotis,laxa,na,2concord,Myosotis,laxa,Myosotis,laxa,na,2arnell,Myosotis,laxa,Myosotis,laxa,na,2washdc,Myosotis,macrosperma,Myosotis,macrosperma,na,2kochmer,Myosotis,macrosperma,Myosotis,macrosperma,na,2concord,Myosotis,scorpioides ,Myosotis,scorpioides ,na,1washdc,Myrica,pensylvanica,Morella,pensylvanica,na,2concord,Myrica,pensylvanica,Morella,pensylvanica,na,2luquillo,na,na,na,na,na,1kochmer,Nama,jamaicensis,Nama,jamaicensis,na,1kochmer,Narcissus,incomparibilis,Narcissus,incomparabilis,na,1kochmer,Narcissus,pseudo-narcissus,Narcissus,pseudonarcissus,na,1kochmer,Narthecium,americanum,Narthecium,americanum,na,2concord,Nemopanthes,mucronata,Nemopanthes,mucronata,na,2harvard,Nemopanthus,mucronata,Nemopanthus,mucronata,na,2washdc,Nemophila,aphylla,Nemophila,aphylla,na,2fargo,Nepeta,hederacea,Glechoma,hederacea,na,2kochmer,Nestronia,umbellula,Nestronia,umbellula,na,2gothic,Noccaea,montanum,Noccaea,montana  ,na,1kochmer,Nuphar,macrophyllum,Nuphar ,lutea,na,1washdc,Nuphar,variegata,Nuphar,lutea,na,2concord,Nuphar,variegatum,Nuphar,variegata,na,2kochmer,Nyssa,ogeche,Nyssa,ogeche,na,2washdc,Obolaria,virginica,Obolaria,virginica,na,2arnell,Odontites,litoralis,Odontites,litoralis,na,2sev,Oenothera,cespitosa,Oenothera,cespitosa,OECEC2,1kochmer,Oenothera,humifusa,Oenothera,humifusa,na,2kochmer,Oenothera,parviflora,Oenothera,parviflora,na,2concord,Oenothera,parviflora,Oenothera,parviflora,na,2soederm,Omphaloides,verna,Omphalodes,verna,na,1fargo,Opuntia,polycantha,Opuntia ,polyacantha,na,1gothic,Oreochrysum,parryi,Oreochrysum,parryi,na,2gothic,Orobanche,,Orobanche,na,na,1washdc,Orontium,aquaticum,Orontium,aquaticum,na,2arnell,Orthilia,secunda,Orthilia,secunda,na,2kochmer,Osmorhiza,claytonii,Osmorhiza ,aristata,na,1washdc,Osmorhiza,claytonii,Osmorhiza,aristata,na,1gothic,Osmorhiza,occidentalis,Osmorhiza,occidentalis,na,2fargo,Oxalis,europea,Oxalis ,europaea,na,1concord,Oxalis,montana,Oxalis,montana,na,2washdc,Oxalis,repens,Oxalis,corniculata,na,2soederm,Oxalis,sp.,Oxalis,NA,na,1gothic,Oxypolis,fendleri,Oxypolis,fendleri,na,2kochmer,Oxypolis,rigidor,Oxypolis,rigidior,na,1fargo,Oxytropis,campestris ,Oxytropis ,jordalii,na,1soederm,Paeonia,x festiva,Paeonia,festiva,na,1kochmer,Panax,quinquefolium,Panax,quinquefolius,na,2kochmer,Parietaria,floridana,Parietaria,floridana,na,2fargo,Parietaria,pennsylvanica,Parietaria ,pensylvanica,na,1concord,Parietaria,pensylvania,Parietaria,pensylvanica  ,na,1bertel,Parkinsonia,microphylla,Parkinsonia,microphylla,na,2fargo,Parnassia,glauca,Parnassia,glauca,na,2kochmer,Parnassia,grandifolia,Parnassia,grandifolia,na,2fargo,Parthenocissus ,vitacea,Parthenocissus ,vitacea,na,1kochmer,Paxistima,canbyi,Pachistima ,canbyi,na,1bertel,Pectis,cylilndrica,Pectis,cylindrica,na,1bertel,Pectocarya,platycarpa,Pectocarya,platycarpa,na,2kochmer,Pedicularis,lanceolatus,Pedicularis,lanceolata,na,1konza,Pediomelum,esculenta,Pediomelum,esculentum,na,1concord,Peltandra,virginiana,Peltandra,virginica  ,na,1fargo,Penstemon,gracilis,Penstemon,gracilis,na,2concord,Penstemon,hirsutus,Penstemon,hirsutus,na,1washdc,Penstemon,hirsutus,Penstemon,hirsutus,na,1bertel,Penstemon,parryi,Penstemon,parryi,na,1sev,Penstemon,whippleanus,Penstemon,whippleanus,PEWH,1bertel,Perityle,lemmoni,Perityle,lemmonii,na,1fargo,Petalostemum,candidum,Dalea ,candida,na,1kochmer,Petalostemum,pinnatum,Petalostemon ,pinnatus,na,1fargo,Petalostemum,purpureum,Dalea ,purpurea,na,1fargo,Petalostemum,villosum,Dalea ,villosa,na,1kochmer,Petunia,atkinsiana,Petunia,atkinsiana,na,2bertel,Phacelia,coerulea,Phacelia,coerulea,na,2kochmer,Phacelia,hipinnatifida,Phacelia ,bipinnatifida,na,1washdc,Phacelia,ranunculacea,Phacelia,ranunculacea,na,2kochmer,Phacelia,ranunculacea,Phacelia,ranunculacea,na,2bertel,Phemeranthus,aurantiacus,Phemeranthus,aurantiacus,na,2bertel,Phemeranthus,parviflorus,Phemeranthus,parviflorus,na,2kochmer,Phlox,amoena,Phlox,amoena,na,2kochmer,Phlox,nivalis,Phlox,nivalis,na,2kochmer,Phlox,pyramidalis,Phlox,maculata,na,2kochmer,Phlox,stolonifera,Phlox,stolonifera,na,2konza,Phyla,americana,na,na,na,1kochmer,Phyllanthus,caroliniensis,Phyllanthus,caroliniensis,na,2bertel,Physalis,hederifolia,Physalis,hederifolia,na,1sev,Physalis,hederifolia,Physalis,hederifolia,PHHEF,1kochmer,Physalis,maritima,Physalis,walteri,na,2bertel,Physalis,solanacea,Physalis,solanacea,na,2fargo,Physaria ,brassicoides,Physaria ,brassicoides,na,1sev,Picradeniopsis,woodhousei,Achyropappus ,woodhouse,PIWO,1kochmer,Pilea,fontana,Pilea,fontana,na,2washdc,Pinus,virginiana,Pinus,virginiana,na,2bertel,Piptochaetium,pringlei,Piptochaetium,pringlei,na,2kochmer,Plagiobothrys,figuratus,Plagiobothrys,figuratus,na,2concord,Plantago,rugelli,Plantago,rugelii  ,na,1arnell,Platanthera,bifollia,Platanthera,bifolia,na,1kochmer,Pluchea,foetida,Pluchea,foetida,na,2gothic,Pneumonanthe,parryi,Gentiana,parryi,na,2kochmer,Podophyllum,P.peltatum,Podophyllum ,peltatum,na,1concord,Pogonia ,ophioglossiodes,Pogonia ,ophioglossoides,na,1fargo,Polanisia,graveolens,Polanisia,dodecandra,na,2arnell,Polemoniom,caeruleum,Polemonium,caeruleum,na,1soederm,Polemonium,sp.,Polemonium,NA,na,1concord,Polgonella,articulata,Polygonella,articulata,na,1kochmer,Polygala,cymosa,Polygala,cymosa,na,2kochmer,Polygala,incarnata,Polygala,incarnata,na,2kochmer,Polygala,mariana,Polygala,mariana,na,2kochmer,Polygala,sanguina,Polygala ,sanguinea,na,1concord,Polygala,sanguinea,Polygala,sanguinea,na,2fitter,Polygala,serpyllifolia,Polygala,serpyllifolia,na,2concord,Polygonum,arifolium,Polygonum,arifolium,na,2concord,Polygonum,caryeyi,Polygonum,careyi  ,na,1concord,Polygonum,cristatum,Polygonum,scandens,na,2concord,Polygonum,cuspidatum,Polygonum,cuspidatum,na,2luquillo,polypodium,piloselloides,na,na,na,1kochmer,Poncirus,trifoliata,Poncirus,trifoliata,na,1concord,Pontedaria,cordata,Pontederia,cordata,na,1washdc,Populus,canescens,Populus,canescens,na,2fitter,Populus,x canescens,Populus,canescens,na,1washdc,Porteranthus,trifoliatus,Porteranthus,trifoliatus,na,2kochmer,Potentilla,norvegia,Potentilla ,norvegica,na,1fargo,Potentilla,paradoxa,Potentilla,paradoxa,na,2fargo,Potentilla,pennsylvanica,Potentilla,pensylvanica,na,2soederm,Potentilla,sp.,Potentilla,NA,na,1fitter,Potentilla,sterilis,Potentilla,sterilis,na,2washdc,Poterium,sanguisorba,Sanguisorba,minor,na,2kochmer,Prenanthes,autumnalis,Prenanthes,autumnalis,na,2kochmer,Prenanthes,pallida,Prenanthes,alba,na,1kochmer,Prenanthes,roanensis,Prenanthes,roanensis,na,2kochmer,Prenanthes,serpentaria,Prenanthes,serpentaria,na,2concord,Prenanthes,serpentaria,Prenanthes,serpentaria,na,2concord,Prenanthes,trifoliata,Prenanthes,trifoliolata,na,1concord,Prenanthes,virgatum,Prenanthes,na,na,1bertel,Prosopsis,velutina,Prosopis,velutina,na,1konza,Prunus,americanus,Prunus,americana,na,1concord,Prunus,nigra (america?),Prunus,na,na,1fargo,Prunus,pennsylvanica,Prunus ,pensylvanica,na,1washdc,Prunus,subhirtella,Prunus,subhirtella,na,2concord,Prunus,susquehanae,Prunus,pumila,na,2kochmer,Prunus,susquehnae,Prunus ,pumila,na,1gothic,Pseudocymopterus,montanus,Pseudocymopterus,montanus,na,2fitter,Pseudofumaria,lutea,Pseudofumaria,lutea,na,2bertel,Pseudognaphalium,canescens,Pseudognaphalium,canescens,na,2bertel,Pseudognaphalium,macounii,Pseudognaphalium,macounii,na,2bertel,Pseudognaphalium,pringlei,Pseudognaphalium,pringlei,na,2bertel,Psilostrophe,cooperi,Psilostrophe,cooperi,na,2konza,Psoralea,agrophylla,Psoralea,argophylla,na,1kochmer,Psoralea,canescens,Pediomelum,canescens,na,2fargo,Psoralea,lanceolata,Psoralidium,lanceolatum,na,2kochmer,Psoralea,lupinellus,Psoralea,lupinellus,na,2kochmer,Psoralea,macrophylla,Orbexilum,macrophyllum,na,2kochmer,Psoralea,onobrychis,Orbexilum,onobrychis,na,2konza,Psoralea,tenuiflora,Psoralidium,tenuiflorum,na,2luquillo,psychotria,berteriana,psychotria,berteroana,na,1kochmer,Ptilimnium,capillaceum,Ptilimnium,capillaceum,na,2fargo,Puccinellia,airoides,Puccinellia,nuttalliana,na,2gunnar,Pulmonaria,obscura,Pulmonaria,obscura,na,2arnell,Pulmonaria,obscura,Pulmonaria,obscura,na,2gunnar,Pulsatilla,vernalis,Pulsatilla,vernalis,na,2kochmer,Pycnanthemum,flexuosum,Pycnanthemum,tenuifolium,na,2kochmer,Pycnanthemum,montanum,Pycnanthemum,montanum,na,2kochmer,Pycnanthemum,setosum,Pycnanthemum,setosum,na,2kochmer,Pycnanthemum,virginianum,Pycnanthemum,virginianum,na,2fargo,Pycnanthemum,virginianum,Pycnanthemum,virginianum,na,2concord,Pycnanthemum,virginianum,Pycnanthemum,virginianum,na,2fargo,Pyrethrum ,coccineum,Pyrethrum ,coccineum,na,1kochmer,Pyrola,americana,Pyrola,americana,na,2concord,Pyrola,virens,Pyrola,chlorantha,na,2concord,Pyrus,floribunda,Photinia,floribunda,na,2concord,Pyrus,melanocarpa,Photinia,melanocarpa,na,2fargo,Pyrus ,communis,Pyrus ,communis,na,1washdc,Quercus,borealis,Quercus,rubra,na,2bertel,Quercus,hypoleucoides,Quercus,hypoleucoides,na,2washdc,Quercus,michauxii,Quercus,michauxii,na,2konza,Quercus,muehlenbergii,Quercus,muehlenbergii,na,2bertel,Rafinesquia,californica,Rafinesquia,californica,na,2kochmer,Ranunculus,ambigens,Ranunculus,ambigens,na,2kochmer,Ranunculus,flabellaris,Ranunculus,flabellaris,na,2fargo,Ranunculus,flabellaris,Ranunculus,flabellaris,na,2concord,Ranunculus,flabellaris,Ranunculus,flabellaris,na,2kochmer,Ranunculus,laxicaulis,Ranunculus,laxicaulis,na,2fargo,Ranunculus,macounii,Ranunculus,macounii,na,2fargo,Ranunculus,rhomboideus,Ranunculus,rhomboideus,na,2soederm,Ranunculus,sp.,Ranunculus,NA,na,1concord,Raphanus ,raphanistrum,Raphanus ,raphanistrum,na,1concord,Raphanus ,sativus,Raphanus ,sativus,na,1fitter,Rhamnus,catharticus,Rhamnus,cathartica,na,1concord,Rhamnus,fragularia,Rhamnus,frangula,na,1bertel,Rhamnus,ilicifolia,Rhamnus,ilicifolia,na,2fargo,Rheum,L.,Rheum,na,na,1washdc,Rheum,rhabarbarum,Rheum,rhabarbarum,na,2soederm,Rhinanthus,sp.,Rhinanthus,NA,na,1kochmer,Rhododendron,alabamense,Rhododendron,alabamense,na,2washdc,Rhododendron,atlanticum,Rhododendron,atlanticum,na,2kochmer,Rhododendron,atlanticum,Rhododendron,atlanticum,na,2concord,Rhododendron,canadense,Rhododendron,canadense,na,2kochmer,Rhododendron,canescens,Rhododendron,canescens,na,2kochmer,Rhododendron,catawbiense,Rhododendron,catawbiense,na,2kochmer,Rhododendron,menziesia,Rhododendron,na,na,1kochmer,Rhododendron,minus,Rhododendron,minus,na,2mohonk,Rhododendron,nudiÌÙorum,Rhododendron,nudiflorum,na,1washdc,Rhododendron,periclymenoides,Rhododendron,periclymenoides,na,2washdc,Rhododendron,prinophyllum,Rhododendron,prinophyllum,na,2kochmer,Rhododendron,roscum,Rhododendron ,roseum,na,1washdc,Rhododendron,roseum,Rhododendron,prinophyllum,na,2concord,Rhododendron,roseum,Rhododendron,prinophyllum,na,2kochmer,Rhododendron,vaseyi,Rhododendron,vaseyi,na,2mohonk,Rhododendrum,indicum,Rhododendron,indicum,na,1arnell,Rhododendrum,tomentosum,Rhododendron,tomentosum,na,1washdc,Rhus,vernix,Toxicodendron,vernix,na,2concord,Rhus,vernix,Toxicodendron,vernix,na,2kochmer,Rhynchosia,difformis,Rhynchosia,difformis,na,2kochmer,Rhynchosia,reniformis,Rhynchosia,reniformis,na,2fargo,Ribes,hirtellum ,Ribes ,hirtellum,na,1concord,Ribes,odoratum,Ribes,aureum,na,2kochmer,Ribes,rotundifloium,Ribes ,rotundifolium,na,1concord,Ribes,sativum,Ribes,rubrum,na,2fargo,Ribes,setosus,Grossularia ,setosa,na,1gunnar,Ribes,sp.,Ribes,NA,na,1gunnar,Ribes,uvacrispa,Ribes,uva-crispa,na,1fargo,Ribes ,americanum,Ribes ,americanum,na,1fargo,Ribes ,missouriense ,Grossularia ,missouriensis,na,1fargo,Ribes ,odoratum,Ribes ,odoratum,na,1fargo,Ribes ,vulgare,Ribes ,rubrum,na,1kochmer,Robinia,elliottii,Robinia,hispida,na,2kochmer,Robinia,nana,Robinia,hispida,na,2fargo,Robinia,pseudoacacia ,Robinia ,pseudoacacia,na,1concord,Roripa,officinalis,Rorippa,officinalis,na,1fargo,Rorippa,armoracia,Armoracia,rusticana,na,2fargo,Rorippa,austriaca,Rorippa ,austriaca,na,1kochmer,Rorippa,sessiliflora,Rorippa,sessiliflora,na,2fargo,Rorippa,sinuata,Rorippa,sinuata,na,2kochmer,Rorippa,sylvestris,Rorippa,sylvestris,na,2concord,Rorippa,sylvestris,Rorippa,sylvestris,na,2kochmer,Rorippa,walteri,Rorippa,teres,na,2washdc,Rosa,palustris,Rosa,palustris,na,2kochmer,Rosa,palustris,Rosa,palustris,na,2concord,Rosa,palustris,Rosa,palustris,na,2arnell,Rosa,sp.,Rosa,NA,na,1soederm,Rosa,x centifolia,Rosa,centifolia,na,1washdc,Rubus,enslenii,Rubus,flagellaris,na,2fargo,Rubus ,strigosus,Rubus ,strigosus,na,1fargo,Rudbeckia,serotina,Rudbeckia,hirta,na,2concord,Rudbeckia,serotina,Rudbeckia,hirta,na,2kochmer,Ruellia,caroliensis,Ruellia,caroliniensis,na,1fargo,Rumex,persicarioides,Rumex,maritimus,na,2fargo,Rumex,venosus,Rumex,venosus,na,2fargo,Salix,interior,Salix,interior,na,2fargo,Salix ,interior,Salix ,interior,na,1kochmer,Salpichroa,origanofolia,Salpichroa,origanifolia,na,1washdc,Salvia,verbenacea,Salvia,verbenaca,na,1kochmer,Samolus,parviflorus,Samolus,valerandi,na,2kochmer,Sanguineria,canadensis,Sanguinaria ,canadensis,na,1fargo,Sanicula,marylandica,Sanicula,marylandica,na,2sev,Sanvitalia,abertii,Sanvitalia,aberti,SAAB,1fargo,Saponaria,vaccaria,Vaccaria,hispanica,na,2bertel,Sarcostemma,crispum,Funastrum,crispum,na,2bertel,Sarcostemma,cynanchoides,Funastrum,cynanchoides,na,2kochmer,Satureja,nepeta,Satureja,nepeta,na,1washdc,Satureja,nepeta,Calamentha,nepeta,na,1soederm,Saxifraga,bridactylites,Saxifraga,tridactylites,na,1kochmer,Saxifraga,careyana,Saxifraga,careyana,na,2kochmer,Saxifraga,caroliniana,Saxifraga,caroliniana,na,2bertel,Saxifraga,eriophora,Saxifraga,eriophora,na,2kochmer,Saxifraga,michauxii,Saxifraga,michauxii,na,2kochmer,Saxifraga,micranthidifolia,Saxifraga,micranthidifolia,na,2fargo,Schedonnardus,paniculatus,Schedonnardus,paniculatus,na,2kochmer,Schisandra,glabra,Schisandra,glabra,na,2bertel,Schismus,arabicus,Schismus,arabicus,na,2arnell,Schoenoplectus,maritimus,Schoenoplectus,maritimus,na,2soederm,Scilla,amoena,Scilla,amoena,na,2fargo,Scilla,siberica(old lot),Othocallis ,siberica,na,1fargo,Scilla ,siberica(new lot),Othocallis ,siberica,na,1fargo,Scirpus,fluviatilis,Schoenoplectus,fluviatilis,na,2fargo,Scirpus,heterochaetus,Schoenoplectus,heterochaetus,na,2washdc,Scirpus,validus,Schoenoplectus,tabernaemontani,na,2fargo,Scirpus,validus,Schoenoplectus,tabernaemontani,na,2kochmer,Sclerolepis,uniflora,Sclerolepis,uniflora,na,2fargo,Scolochloa,festucacea,Scolochloa,festucacea,na,2sev,Scorzonera,lacinata,Scorzonera,laciniata,SCLA6,1concord,Scrophularia,lanceolata,Scrophularia,lanceolata,na,2bertel,Scrophularia,parvivlora,Scrophularia,parviflora,na,1kochmer,Scutellaria,incana,Scutellaria,incana,na,2concord,Scutellaria,laterifolia,Scutellaria,lateriflora  ,na,1bertel,Sedum,cockerellii,Sedum,cockerellii,na,2kochmer,Sedum,pusillum,Sedum,pusillum,na,2kochmer,Sedum,rosea,Rhodiola,rosea,na,2gothic,Sedum,rosea,Rhodiola,rosea,na,2concord,Sedum,telephiodes,Sedum,telephioides  ,na,1washdc,Senecio,crawfordii,Packera,paupercula,na,2kochmer,Senecio,glabellus,Packera,glabella,na,2bertel,Senecio,lemmoni,Senecio,lemmonii,na,1fargo,Senecio,plattensis,Packera,plattensis,na,2washdc,Senecio,smallii,Packera,anonyma,na,2kochmer,Senecio,smallii,Packera,anonyma,na,2bertel,Senna,covesii,Senna,covesii,na,2konza,Senna,marilandica,Cassia,marilandica,na,1concord,Sericocarpus,asteroides,Sericocarpus,asteroides,na,2concord,Sericocarpus,linifolius,Sericocarpus,linifolius,na,2arnell,Sesleria,caerulea,Sesleria,caerulea,na,2kochmer,Sesuvium,maritimum,Sesuvium,maritimum,na,2bertel,Setaria,leucopila,Setaria,leucopila,na,2kochmer,Sibara,viginica,Sibara  ,virginica,na,1bertel,Sida,abutifolia,Sida,abutilifolia,na,1bertel,Sida,tragiifolia,Sida,tragiifolia,na,1fargo,Silene,cserei,Silene ,csereii,na,1kochmer,Silphium,dentatum,Silphium,asteriscus,na,2kochmer,Silphium,laevigatum,Silphium,trifoliatum,na,2bertel,Simmondsia,chinensis,Simmondsia,chinensis,na,2kochmer,Sisymbrium,leiocarpum,Sisymbrium,leiocarpum,na,2fargo,Sisymbrium,loeslii,Sisymbrium  ,loeselii,na,1kochmer,Sisyrinchium,albidum,Sisyrinchium,albidum,na,2washdc,Sisyrinchium,mucronatum,Sisyrinchium,mucronatum,na,2concord,Sium,sauve,Sium,suave,na,1luquillo,sloanea,berteriana,sloanea,berteroana,na,1washdc,Smilax,pseudochina,Smilax,pseudochina,na,1kochmer,Smilax,tamnifolia,Smilax,pseudochina,na,2soederm,Smultron,till,Fragaria,vesca,na,1kochmer,Solanum,sisumbriifolium,Solanum,sisymbriifolium,na,1kochmer,Solidago,fistulosa,Solidago,fistulosa,na,2kochmer,Solidago,microcephala,Euthamia,tenuifolia,na,2kochmer,Solidago,pauciflosculosa,Chrysoma,pauciflosculosa,na,2washdc,Solidago,sp.,na,na,na,1kochmer,Solidago,sphacelata,Solidago,sphacelata,na,2kochmer,Solidago,strictula,Solidago ,stricta,na,1kochmer,Solidago,tenuifolia,Euthamia,tenuifolia,na,2concord,Solidago,tenuifolia,Euthamia,tenuifolia,na,2kochmer,Soliva,pterosperma,Soliva,sessilis,na,2kochmer,Sorbus,arbutifolia,Photinia,pyrifolia,na,2fargo,Sorbus,aucuparia ,Chrysobalanus ,icaco,na,1soederm,Sorbus,intermedia,Sorbus,intermedia,na,2arnell,Sorbus,intermedia,Sorbus,intermedia,na,2konza,Sorgastrum,nutans,Sorghastrum,nutrans,na,1concord,Sparganium,androcladium,Sparganium,androcladum,na,1soederm,species_unknown,,NA,NA,na,1kochmer,Specularia,perfiolata,Specularia ,perfoliata,na,1concord,Specularia,perfoliata,Triodanis,perfoliata,na,2kochmer,Spermolepis,divaricata,Spermolepis,divaricata,na,2bertel,Spermolepis,echinata,Spermolepis,echinatus,na,1kochmer,Spermolepis,echinata,Leptocaulis ,echinatus,na,1fargo,Sphaeralcea,coccinea,Sphaeralcea,coccinea,na,2bertel,Sphaeralcea,fendleri,Sphaeralcea,fendleri,na,2kochmer,Sphenoclea,zeylandica,Sphenoclea ,zeylanica,na,1kochmer,Spilanthes,repens,Spilanthes,repens,na,2kochmer,Spiraea,alba,Spiraea,alba,na,2fargo,Spiraea,alba,Spiraea,alba,na,2concord,Spiraea,latifolia,Spiraea,alba,na,2kochmer,Spiranthes,floridana,Spiranthes,floridana,na,2kochmer,Spiranthes,grayi,Spiranthes,tuberosa,na,2concord,Spiranthes,lacera,Spiranthes,lacera,na,2kochmer,Spiranthes,laciniata,Spiranthes,laciniata,na,2kochmer,Spiranthes,longilabris,Spiranthes,longilabris,na,2fargo,Sporobolus,neglectus,Sporobolus,neglectus,na,2washdc,Stachys,byzantina,Stachys,byzantina,na,2arnell,Stellaria,nemorum,Stellaria,nemorum,na,2bertel,Stellaria,nitens,Stellaria,nitens,na,2kochmer,Stenathium,gramineum,Stenanthium ,gramineum,na,1konza,Stenosiphon,linifolius,Stenosiphon,linifolius,na,2kochmer,Stewartia,malacodendron,Stewartia,malacodendron,na,1kochmer,Stewartia,ovata,Stewartia,ovata,na,2kochmer,Stokesia,laevis,Stokesia,laevis,na,2kochmer,Styrax,americana,Styrax,americana,na,2kochmer,Styrax,grandifolia,Styrax,grandifolium,na,1fargo,Suaeda,depressa,Suaeda,calceoliformis,na,2fitter,Suymphytum,officinale,Symphytum,officinale,na,1bci,swartzia,simplex ochnacea,swartzia,simplex,na,1concord,Symphoricarpos,albus,Symphoricarpos,albus,na,2konza,Symphyotrichum,drummondii,Symphyotrichum,drummondii,na,2konza,Symphyotrichum,ericoides,Symphyotrichum,ericoides,na,2konza,Symphyotrichum,laevis,Symphyotrichum,laeve,na,1konza,Symphyotrichum,oblongifolius,Symphyotrichum,oblongifolium,na,1konza,Symphyotrichum,sericeus,Symphyotrichum,sericeum,na,1fitter,Symphytum,x uplandicum,Symphytum,uplandicum,na,1kochmer,Synandria,hispidula,Synandra ,hispidula,na,1concord,Tabacum,longiflorum,na,na,na,1washdc,Taenidia,integerrima,Taenidia,integerrima,na,2kochmer,Taenidia,integerrima,Taenidia,integerrima,na,2bertel,Tagetes,lemmoni,Tagetes,lemmonii,na,1bertel,Talinum,paniculatum,Talinum,paniculatum,na,2fargo,Tamarix,pentandra,Tamarix,chinensis,na,2washdc,Tanacetum,parthenium,Tanacetum,parthenium,na,2fitter,Tanacetum,parthenium,Tanacetum,parthenium,na,2kochmer,Taraxacum,erythrospermum,Taraxacum,laevigatum,na,2concord,Taraxacum,erythrospermum,Taraxacum,laevigatum,na,2gunnar,Taraxacum,sect.,Taraxacum,sect. Ruderalia,na,1fitter,Taraxacum,sect. Erythrosperma,Taraxacum,sect. Erythrosperma,na,1washdc,Taxodium,ascendens,Taxodium,ascendens,na,2kochmer,Tephrosia,florida,Tephrosia,florida,na,2fargo,Thalesia,uniflora,Orobanche,uniflora,na,2washdc,Thalictrum,clavatum,Thalictrum,clavatum,na,2kochmer,Thalictrum,clavatum,Thalictrum,clavatum,na,2washdc,Thalictrum,coriaceum,Thalictrum,coriaceum,na,2kochmer,Thalictrum,coriaceum,Thalictrum,coriaceum,na,2concord,Thallictrum,dasycarpum,Thalictrum ,dasycarpum,na,1concord,Thallictrum,dioicum,Thalictrum ,dioicum,na,1concord,Thallictrum,polygamum,Thalictrum ,polygamum,na,1kochmer,Thaspium,flavum,Thaspium,trifoliatum,na,1washdc,Thermopsis,villosa,Thermopsis,villosa,na,2kochmer,Thermopsis,vilosa,Thermopsis,villosa,na,1kochmer,Thlaspi,peroliatum,Thlaspi ,perfoliatum,na,1soederm,Tilia,parrifolia,Tilia,cordata,na,1soederm,Tilia,x europaea,Tilia,europaea,na,1fitter,Tilia,x vulgaris,Tilia,vulgaris,na,1kochmer,Tillia,americana,Tilia,americana,na,1kochmer,Tillia,caroliniana,Tilia,caroliniana,na,1kochmer,Tillia,floridana,Tilia,floridana,na,1kochmer,Tillia,heterophylla,Tilia,heterophylla,na,1kochmer,Tofieldia,racemosa,Tofieldia,racemosa,na,2fitter,Torilis,japonica,Torilis,japonica,na,2arnell,Torilis,japonica,Torilis,japonica,na,2concord,Trapa,natas,Trapa,natans,na,1kochmer,Trautvetteria,carolinensis,Trautvetteria,caroliniensis,na,2konza,Tridens,flavus,Tridens,flavus,na,2bertel,Tridens,muticus,Tridens,muticus,na,2concord,Trientalis,borealis,Trientalis,borealis,na,2kochmer,Trifolium,agrarium,Trifolium,aureum,na,2concord,Trifolium,agrarium,Trifolium,aureum,na,2washdc,Trifolium,dubium,Trifolium,dubium,na,2kochmer,Trifolium,dubium,Trifolium,dubium,na,2fitter,Trifolium,dubium,Trifolium,dubium,na,2concord,Trifolium,dubium,Trifolium,dubium,na,2washdc,Trifolium,procumbens,Trifolium,campestre,na,2concord,Trifolium,procumbens,Trifolium,campestre,na,2arnell,Trifolium,spadiceum,Trifolium,spadiceum,na,2fargo,Triglochin,maritima,Triglochin,maritima,na,2fargo,Triglochin,palustris,Triglochin ,palustris,na,1kochmer,Trillium,discolor,Trillium,discolor,na,2kochmer,Trillium,lanceolatum,Trillium,lancifolium,na,2mohonk,Trillium,undulatum,Trillium,undulatum,na,2kochmer,Trillium,undulatum,Trillium,undulatum,na,2concord,Trillium,undulatum,Trillium,undulatum,na,2kochmer,Trillium,viride,Trillium,viride,na,2concord,Trillium ,grandiflorum,Trillium ,grandiflorum,na,1konza,Triodanis,leptocarpa,Triodanis,leptocarpa,na,1konza,Triodanis,perfoliata,Triodanis,perfoliata,na,1concord,Triostemum,aurantiacum,Triosteum,aurantiacum,na,1fitter,Tripleurospernum,inodorum,Tripleurospermum,inodorum,na,1arnell,Tripolium,vulgare,Trifolium,vulgare,na,2bertel,Trixis,californica,Trixis,californica,na,2soederm,Tulipa,gesneriana,Tulipa,gesneriana,na,2gunnar,Tulipa,gesneriana,Tulipa,gesneriana,na,2bertel,Uropappus,lindleyi,Uropappus,lindleyi,na,2fargo,Urtica,procera,Urtica,dioica,na,2concord,Urtica,procera,Urtica,dioica,na,2concord,Utricularia,geminiscapa,Utricularia,geminiscapa,na,2kochmer,Uvularia,floridana,Uvularia,floridana,na,2concord,Uvularia,sessifolia,Uvularia,sessilifolia,na,1fargo,Uvularia,sessifolia,Uvularia ,sessilifolia,na,1washdc,Uvularia,sessilifolia,Uvularia,sessilifolia,na,2kochmer,Uvularia,sessilifolia,Uvularia,sessilifolia,na,2kochmer,Vaccinium,amoenum,Vaccinium,virgatum,na,2kochmer,Vaccinium,constablaei,Vaccinium,corymbosum,na,2kochmer,Vaccinium,elliottii,Vaccinium,elliottii,na,2kochmer,Vaccinium,hirsutum,Vaccinium,hirsutum,na,2soederm,Valeriana,sp,Valeriana,NA,na,1konza,Verbascum,blatteria,Verbascum,blattaria,na,1washdc,Verbena,simplex,Verbena,simplex,na,2konza,Verbena,simplex,Verbena,simplex,na,2konza,Verbena,urtiicifolia,Verbena,urticifolia,na,1konza,Verbesina,alternifolia,Verbesina,alternifolia,na,2kochmer,Verbesina,alternifolia,Verbesina,alternifolia,na,2kochmer,Vernonia,acaulis,Vernonia,acaulis,na,2kochmer,Vernonia,glauca,Vernonia,glauca,na,2concord,Veronica,chaemaedrys,Veronica,chamaedrys ,na,1soederm,Veteax,,NA,NA,na,1mohonk,Viburnum,acerifolia,Viburnum,acerifolium,na,1kochmer,Viburnum,alnifolium,Viburnum,lantanoides,na,2harvard,Viburnum,alnifolium,Viburnum,lantanoides,na,2mohonk,Viburnum,latanoides,Viburnum,lantanoides,na,1uwm,Viburnum,sp.,Viburnum,NA,na,1uwm,Viburnum,sp.,Viburnum,na,na,1concord,Viburnum,trilobum,Viburnum,opulus,na,2washdc,Vicia,dasycarpa,Vicia,villosa,na,2kochmer,Vicia,dasycarpa,Vicia,villosa,na,2kochmer,Vicia,hugerii,Vicia ,hugeri,na,1arnell,Vicia,silvatica,Vicia,sylvatica,na,1soederm,Vincetoxicum,sp.,Vincetoxicum,NA,na,1concord,Viola,brittoniana,Viola,brittoniana,na,2fargo,Viola,conspersa,Viola,conspersa,na,2concord,Viola,conspersa,Viola,conspersa,na,2washdc,Viola,fimbriatula,Viola,sagittata,na,2concord,Viola,fimbriatula,Viola,sagittata,na,2washdc,Viola,pensylvanica,Viola,pubescens,na,2soederm,Viola,pumila,Viola,pumila,na,2washdc,Viola,rafinesquei,Viola,bicolor,na,1konza,Viola,rafinesquii,Viola,rafinesquii,na,2fitter,Viola,reichenbachiana,Viola,reichenbachiana,na,2fargo,Viola,rugulosa,Viola,canadensis,na,2washdc,Viola,triloba,Viola,palmata,na,2arnell,Viscaria,vulgaris,Lychnis,viscaria,na,2arnell,Viscaria,vulgaris,Lychnis,viscaria,na,2bertel,Vulpia,microstachys,Vulpia,microstachys,na,2bertel,Vulpia,octoflora,Vulpia,octoflora,na,2kochmer,Wisteria,frutescens,Wisteria,frutescens,na,2washdc,Wisteria,sinensis,Wisteria,sinensis,na,2kochmer,Wisteria,sinensis,Wisteria,sinensis,na,2bertel,Xanthisma,gracile,Xanthisma,gracile,na,2bertel,Xanthisma,spinulosum,Xanthisma,spinulosum,na,2concord,Xanthorhiza,simplicissima,Xanthorhiza,simplicissima,na,1kochmer,Xanthorhiza,simplicissima,Xanthorhiza,simplicissima,na,1washdc,Xanthorhiza,simplicissima,Xanthorhiza,simplicissima,na,1concord,Xanthoxylum,americanum,Zanthoxylum,americanum,na,1kochmer,Zanthoxylum,americana,Zanthoxylum ,americanum,na,1fargo,Zanthoxylum ,americanum,Zanthoxylum ,americanum,na,1kochmer,Zenobia,pulverulenta,Zenobia,pulverulenta,na,2fargo,Zephyranthes,? ,Zephyranthes,na,na,1kochmer,Zephyranthes,simpsonii,Zephyranthes,simpsonii,na,2kochmer,Zigadenus,densus,Zigadenus,densus,na,2kochmer,Zigadenus,glaucus,Zigadenus,elegans,na,2kochmer,Zigadenus,leimanthoides,Zigadenus,leimanthoides,na,1washdc,Zizia,aurea,Zizia,aurea,na,2konza,Zizia,aurea,Zizia,aurea,na,2kochmer,Zizia,aurea,Zizia,aurea,na,2fargo,Zizia,aurea,Zizia,aurea,na,2concord,Zizia,aurea,Zizia,aurea,na,2mikesell,Gymnocladus,dioica,Gymnocladus,dioicus,na,1opg,Doronicum,orientale,Doronicum,orientale,na,1wps,Cypripedium,acaule,Cypripedium,acaule,na,1wps,Kalmia,polifolia,Kalmia,polifolia,na,1wps,Lilium,superbum,Lilium,superbum,na,1mikesell,Q.,alba,Quercus,alba,na,1mikesell,Q.,macrocarpa,Quercus,macrocarpa,na,1mikesell,Q.,bicolor,Quercus,bicolor,na,1mikesell,A.,saccharum,Acer,saccharum,na,1mikesell,A.,negundo,Acer,negundo,na,1mikesell,F.,nigra,Fraxinus ,nigra,na,1opg,Chinacea,purpurea,Echinacea,purpurea,na,1robertson,Fraxinus,americanus,Fraxinus,americana,na,1robertson,Ludvigia,polycarpa,Ludwigia,polycarpa,na,1robertson,Aster,novaeangliae,Aster,novae-angliae,na,1robertson,Penstemon,hirsutus,Penstemon,hirsutus,na,1robertson,Sebatia,angularis,na,,na,1robertson,Petalostemum,purpureum,Dalea,purpurea,na,1robertson,Symphoricarpos,orbicularis,Symphoricarpos,orbiculatus,na,1robertson,Strophostyles,pauciflora,Strophostyles,pauciflorus,na,1robertson,Ascerates,floridana,Asclepias,floridana,na,1robertson,Scutellaria,canescans,Scutellaria,canescens ,na,1robertson,Ellisia,nyctelaea,Ellisia,nyctelea,na,1robertson,Galium,aperine,Galium,aparine,na,1robertson,Ludvigia,alternifolia,Ludwigia,alternifolia,na,1robertson,Evonymus,atropurpureus,Euonymus,atropurpureus,na,1robertson,Actea,alba,Actaea,alba,na,1robertson,Osmorrhiza,longistylis,Osmorhiza,longistylis,na,1robertson,Erechthites,hieracifolia,Erechthites,hieraciifolius,na,1robertson,Asiminia,triloba,Asimina,triloba,na,1robertson,Ascerates,viridiflora,Asclepias,viridiflora,na,1robertson,Eryngium,yuccifolium,Eryngium,yuccifolium,na,1robertson,Petalostemum,candidum,Dalea,candida,na,1robertson,Amaranthus,spinosus,Amaranthus,spinosus,na,1robertson,Radicula,obtusa,Rorippa,teres,na,1robertson,Cucurbita,melopepo,Cucurbita,melopepo,na,1robertson,Philadelphus,grandiflorus,Philadelphus,inodorus,na,1robertson,Sisyrinchium,gramineum,Sisyrinchium,gramineum,na,1robertson,Hydrophyllum,virginianum,Hydrophyllum,virginianum,na,1robertson,Gymnocladus,dioica,Gymnocladus,dioicus,na,1robertson,Ilysanthes,dubia,Lindernia,dubia,na,1robertson,Rhus,canadensis,Rhus,canadensis,na,1robertson,Cuscuta,cephalanthi,Cuscuta,cephalanthi,na,1robertson,Heuchera,hispida,Heuchera,americana,na,1robertson,Houstonia,purpurea,Houstonia,purpurea,na,1robertson,Sassafras,variifolium,Sassafras,albidum,na,1robertson,Actinomeris,alternifolia,Verbesina,alternifolia,na,1robertson,Eupatorium,altissimum,Eupatorium,altissimum,na,1robertson,Campanula,americana,Campanulastrum,americanum,na,1robertson,Eupatorium,serotinum,Eupatorium,serotinum,na,1robertson,Ammannia,coccinea,Ammannia,coccinea,na,1robertson,Lonicera,sullivantii,Lonicera,reticulata,na,1robertson,Pycnanthemum,virginianum,Pycnanthemum,virginianum,na,1robertson,Desmodium,dillenii,Desmodium,glabellum,na,1robertson,Samolus,floribundus,Samolus,valerandi,na,1robertson,Oxypolis,rigidior,Oxypolis,rigidior,na,1robertson,Zizia,aurea,Zizia,aurea,na,1robertson,Myosotis,virginica,Myosotis,macrosperma,na,1robertson,Lappula,virginiana,Hackelia,virginiana,na,1robertson,Desmodium,illinoense,Desmodium,illinoense,na,1robertson,Amphicarpa,pitcheri,Amphicarpaea,bracteata,na,1robertson,Hypoxis,hirsuta,Hypoxis,hirsuta,na,1robertson,Pycnanthemum,flexuosum,Pycnanthemum,flexuosum,na,1robertson,Taenidia,integerrima,Taenidia,integerrima,na,1robertson,Abutilon,theophrasti,Abutilon,theophrasti,na,1robertson,Martynia,louisiana,Proboscidea,louisianica,na,1robertson,Lespedeza,virginica,Lespedeza,virginica,na,1robertson,Steironema,lanceolatum,Lysimachia,lanceolata,na,1robertson,Tradescantia,brevicaulis,Tradescantia,virginiana,na,1robertson,Arabis,virginica,Sibara,virginica,na,1robertson,Radicula,palustris,Rorippa,palustris,na,1robertson,Desmodium,grandiflorum,Desmodium,cuspidatum,na,1robertson,Lilium,superbum,Lilium,superbum,na,1robertson,Gnaphalium,polycephalum,Gnaphalium,polycephalum,na,1robertson,Bidens,laevis,Bidens,laevis,na,1robertson,Castalia,tuberosa,Nymphaea,odorata,na,1robertson,Hydrophyllum,appendiculatum,Hydrophyllum,appendiculatum,na,1robertson,Potentilla,monspeliensis,Potentilla,norvegica,na,1robertson,Nymphaea,advena,Nuphar,lutea,na,1robertson,Impatiens,biflora,Impatiens,capensis,na,1robertson,Cacalia,atriplicifolia,Arnoglossum,atriplicifolium,na,1robertson,Nepeta,hederacea,Glechoma,hederacea,na,1robertson,Seymeria,macrophylla,Dasistoma ,macrophylla,na,1robertson,Frasera,carolinensis,Frasera,caroliniensis,na,1robertson,Anemonella,thalictroides,Thalictrum ,thalictroides,na,1robertson,Steironema,quadriflorum,Lysimachia,quadriflora,na,1robertson,Dianthera,americana,Justicia,americana,na,1robertson,Aristolochia,tomentosa,Aristolochia,tomentosa,na,1robertson,Mertensia,virginica,Mertensia,virginica,na,1robertson,Apios,tuberosa,Apios ,americana,na,1robertson,Cornus,amomum,Cornus,amomum,na,1robertson,Brauneria,purpurea,Echinacea,purpurea,na,1robertson,Polygala,sanguinea,Polygala,sanguinea,na,1robertson,Tradescantia,pilosa,Tradescantia,subaspera,na,1robertson,Datura,tatula,Datura,stramonium,na,1robertson,Gerardia,auriculata,Agalinis,auriculata,na,1robertson,Desmodium,bracteosum,Desmodium,cuspidatum,na,1robertson,Lepachys,pinnata,Ratibida,pinnata,na,1robertson,Rhus,toxicodendron,Toxicodendron,pubescens,na,1robertson,Specularia,perfoliata,Triodanis,perfoliata,na,1robertson,Cirsium,pumilum,Cirsium,hillii,na,1robertson,Brauneria,pallida,Echinacea,pallida,na,1robertson,Cardamine,bulbosa,Cardamine,bulbosa,na,1robertson,Hybanthus,concolor,Hybanthus,concolor,na,1robertson,Clematis,pitcheri,Clematis,pitcheri,na,1robertson,Cacalia,reniformis,Arnoglossum,reniforme,na,1robertson,Psoralea,onobrychis,Orbexilum,onobrychis,na,1marsham,Anemone,nemoros,Anemone,nemorosa,na,1marsham,Betula,pendula?,Betula,pendula,na,1marsham,Ulmus,procera?,Ulmus ,procera,na,1marsham,Crataegus,monogyn,Crataegus,monogyna,na,1marsham,Tilia,spp.,Tilia,NA,na,1marsham,Acer,campestre?,Acer,campestre,na,1marsham,Querqus,spp.,Quercus,NA,na,1marsham,Brassica,rapa?,Brassica,rapa,na,1